,name,content,tags
0,"더럭초등학교(구, 더럭분교)",초등학교 동창들과 함께한 가을 여행 속 방문한 애월 더럭분교,"['#제주컬러어택', '#더럭분교', '#초등동창가을여행', '#무지개빛우정']"
1,"더럭초등학교(구, 더럭분교)",무지개빛 아름다운 더럭초등학교,"['##더럭초등학교', '##더럭분교', '##애월읍']"
2,"더럭초등학교(구, 더럭분교)",무지개빛 아름다운 더럭초등학교,"['##더럭초등학교', '##더럭분교', '##무지개학교', '##애월읍']"
3,"더럭초등학교(구, 더럭분교)",알록달록 너무 예쁜 초등학교에서 아내와 함께 좋은 추억과 사진을 남겼어요!,"['##5월엔제주', '##더럭분교', '##더럭초등학교']"
4,"더럭초등학교(구, 더럭분교)",#제주도 #더럭분교 #연화못 #연꽃마을 정말 뭔가 작은 추억이 자꾸 생각나고 웃음이 나오는 작은 분교 옆에 활짝 핀 연꽃까지!! 마음이 깨끗해지는 제주도의 작은 풍경!,"['#제주도', '#더럭분교', '#연화못', '#연꽃마을']"
5,"더럭초등학교(구, 더럭분교)",#겨울 제주 #더럭분교의 추억 #운동장에서 뛰노는 아이들이 부럽다요!!! #오리꽥꽥,"['#겨울', '#더럭분교의', '#운동장에서', '#오리꽥꽥']"
6,"더럭초등학교(구, 더럭분교)",친구들과 함께 들러서 예쁜 추억 사진 남겼어요. 근처에 연화못도 있어 함꼐 들르기 좋은 거 같습니다. 실물보다 사진으로 훨씬 더 아름다운 곳! 스냅사진 명소로 유명한 이유가 있었네요^^,[]
7,"더럭초등학교(구, 더럭분교)","#제주도여행 #고딩친구들 #동심으로 #알록달록 #사진찍기좋은곳 #추억한페이지 #기록하기

화려하진 않지만 소박하고 그때 그시절로 돌아간듯한 느낌이라 너무 좋았어요!",[]
8,"더럭초등학교(구, 더럭분교)","아주오래전 가보기는 한곳이다 가끔지나가기도 하지만 어릴적 국민학교 지금의 초등학교는 확연히 분명다르다 내부와 외부 특히 외부에 칠해진 무지개 빛깔 색들이 잔디색과 아주 잘 어울리는 곳이다 또한 내부 시설과 아이들의 미소 가 아주 보기좋았다
우연히 보게된 풍물놀이패라고나 할까 여러장구를 동시에 치는 학생들의 연습공연을 보았는데 아주 수준급 인거 같다",[]
9,"더럭초등학교(구, 더럭분교)","#어릴적 시골에서 다니던 국민학교가 생각난 더럭분교
#이곳에서 공부하는 아이들은 참 공부할맛 나겠다.
#울집 아그들도 여기서 다니면 좋겠다는 생각~~^^","['#어릴적', '#이곳에서', '#울집']"
10,"더럭초등학교(구, 더럭분교)",#대학동기 #베스트프렌드 #제주여행 #더럭분교 #하늘도분교도 전부다 #너무이뻤다 #잊을수없는여행 #너무그리운여행 #생각만해도아름다웠던추억에 #미소가,"['#대학동기', '#베스트프렌드', '#제주여행', '#더럭분교', '#하늘도분교도', '#너무이뻤다', '#잊을수없는여행', '#너무그리운여행', '#생각만해도아름다웠던추억에', '#미소가']"
11,"더럭초등학교(구, 더럭분교)","#남자친구랑 처음여행👍 가기전에 여기가자 저기가자 계획은 많이 짯는데.. 역시 여행은ㅡ틀어져야 제맛👍
2박3일이ㅜ너무 짧아서😭 다음엔 일주일정도 여행하기로 약속😍",['#남자친구랑']
12,"더럭초등학교(구, 더럭분교)","무지개색깔로 너무 사진 예쁘게 나오는 더럭분교
아이들 수업중엔 들어갈수 없으니 피해가시딜바랍니다^^
풀밭과 하늘까지 너무 예쁩니다
찍었다하면 화보!
여자분들 인생샷찍으러 가보시길 추천드려요^^",[]
13,"더럭초등학교(구, 더럭분교)","#제주가을 #더럭분교


아이들의 아름다운 순수함만큼
학교도 너무 이쁘고 아름다웠어요.
학교 크기는 작지만
아기자기하게 구경하는 재미가있고
알록달록하게 꾸며진 학교는
어느 각도에서 찍어도 인생샷을 찍을 수 있어요.","['#제주가을', '#더럭분교']"
14,"더럭초등학교(구, 더럭분교)","#제주여행공유 #더럭분교
아이들의 아름다운 순수함만큼
학교도 너무 이쁘고 아름다웠어요.
학교 크기는 작지만
아기자기하게 구경하는 재미가있고
알록달록하게 꾸며진 학교는
어느 각도에서 찍어도 인생샷을 만들어주네요.","['#제주여행공유', '#더럭분교']"
15,"더럭초등학교(구, 더럭분교)",#더럭분교,['#더럭분교']
16,"더럭초등학교(구, 더럭분교)",#더럭분교 #시원한 제주하늘 #가을여행 #알록달록분교,"['#더럭분교', '#시원한', '#가을여행', '#알록달록분교']"
17,"더럭초등학교(구, 더럭분교)",#알록달록한 컬러감으로 없던 #동심도 꽃피워주는 #더럭분교.,"['#알록달록한', '#동심도', '#더럭분교']"
18,"더럭초등학교(구, 더럭분교)",#더럭분교,['#더럭분교']
19,"더럭초등학교(구, 더럭분교)",제주섬 하가리 마을에 있는 더럭분교... #제주도 #애월읍 #하가리 #애월초등학교 #더럭분교 #벚꽃나무 #초등학교 #무지개 #색 #빨주노초파남보 #원색 #칼라,"['#제주도', '#애월읍', '#하가리', '#애월초등학교', '#더럭분교', '#벚꽃나무', '#초등학교', '#무지개', '#색', '#빨주노초파남보', '#원색', '#칼라']"
20,"더럭초등학교(구, 더럭분교)","제주 애월 #더럭분교 또 다른 인생사진을 찍은곳!!!
알록달록 색깔들이 사진을 더 빛내준다!!
커플이가도 친구끼리가도 가족끼리가도 너무너무좋은 #더럭분교 추천해요오","['#더럭분교', '#더럭분교']"
21,"더럭초등학교(구, 더럭분교)",하가리 더럭분교,[]
22,"더럭초등학교(구, 더럭분교)",#몽당 #제주도 #더럭분교 #여행 #제주여행 #스냅,"['#몽당', '#제주도', '#더럭분교', '#여행', '#제주여행', '#스냅']"
23,"더럭초등학교(구, 더럭분교)",#더럭분교 #초등학교 #수업중 #알록달록 못들어가서아쉬웠던..,"['#더럭분교', '#초등학교', '#수업중', '#알록달록']"
24,"더럭초등학교(구, 더럭분교)",,[]
25,"더럭초등학교(구, 더럭분교)",#제주도#더럭분교#여행#10년지기친구,"['#제주도', '#더럭분교', '#여행', '#10년지기친구']"
26,"더럭초등학교(구, 더럭분교)",#제주도 #제주여행 #나홀로여행 #더럭분교 #혼자찍기 #모델인척,"['#제주도', '#제주여행', '#나홀로여행', '#더럭분교', '#혼자찍기', '#모델인척']"
27,"더럭초등학교(구, 더럭분교)",#신혼여행 #힐링컨셉,"['#신혼여행', '#힐링컨셉']"
28,"더럭초등학교(구, 더럭분교)","무지개 빛 너무 예쁜 더럭분교
평일엔 수업중이라 안에는 못 들어가요
수업시간 피해 다녀오세요^^",[]
29,"더럭초등학교(구, 더럭분교)",#제주 #더럭분교 #합성놀이 #동심가득 #재밌어,"['#제주', '#더럭분교', '#합성놀이', '#동심가득', '#재밌어']"
30,"더럭초등학교(구, 더럭분교)",#여름탐라,['#여름탐라']
31,"더럭초등학교(구, 더럭분교)","아기자기한 색상으로 너무나도 에쁘다고 딸아이가 꼭 가보고 싶다고~ 전에 친구와의 뚜벅이여랭시 할수 없었던 것임으로
기꺼이 응해주었다.
와보니~~ 작은 학교에 무지개빛 학교에 뛰놀며 공부하는 학생들생각하니 부럽기도하였다.
현재 우ㄹ 딸과 아들과 나는 제주 여행중 2017-1-12 서귀포 어딘가에서...",[]
32,"더럭초등학교(구, 더럭분교)",#제주 #초등학교 #더럭분교 #뛰노는 #귀여운 #아이들,"['#제주', '#초등학교', '#더럭분교', '#뛰노는', '#귀여운', '#아이들']"
33,"더럭초등학교(구, 더럭분교)",#임산부여행 #태교여행 #더럭분교 #알록달록 #사진찍을려고 #비도안오는데 #우산챙겨감,"['#임산부여행', '#태교여행', '#더럭분교', '#알록달록', '#사진찍을려고', '#비도안오는데', '#우산챙겨감']"
34,"더럭초등학교(구, 더럭분교)",#제주 #애월 #더럭분교 #알록달록 #비눗방울,"['#제주', '#애월', '#더럭분교', '#알록달록', '#비눗방울']"
35,"더럭초등학교(구, 더럭분교)",,[]
36,"더럭초등학교(구, 더럭분교)",,[]
37,"더럭초등학교(구, 더럭분교)",,[]
38,"더럭초등학교(구, 더럭분교)",#제주여행 #남매여행 #더럭분교 #알록달록,"['#제주여행', '#남매여행', '#더럭분교', '#알록달록']"
39,"더럭초등학교(구, 더럭분교)",사진찍기 좋았던 더럭분교!,[]
40,"더럭초등학교(구, 더럭분교)","우리#단짝친구 일박이일제쥬여행❤️
#트윈룩 입구 #더럭분교 찰칵😜🤘🏻
이쁜 #제주#동영상 있는데 업뎃이 안돼서 아쉽당!찡😢글도 재미났던 #제주#여행","['#단짝친구', '#트윈룩', '#더럭분교', '#제주', '#동영상', '#제주', '#여행']"
41,"더럭초등학교(구, 더럭분교)",#더럭분교 #정자매샷 #알록달록 #즐겁다그램,"['#더럭분교', '#정자매샷', '#알록달록', '#즐겁다그램']"
42,"더럭초등학교(구, 더럭분교)",#6월 #제주여행 #따스함 #기분좋음 #행복가득 #더럭분교 #CF촬영지 #알록달록 #예쁨묻어나는 #우리 #신혼스타그램 #럽스타그램 #여행스타그램,"['#6월', '#제주여행', '#따스함', '#기분좋음', '#행복가득', '#더럭분교', '#CF촬영지', '#알록달록', '#예쁨묻어나는', '#우리', '#신혼스타그램', '#럽스타그램', '#여행스타그램']"
43,"더럭초등학교(구, 더럭분교)",#동심,['#동심']
44,"더럭초등학교(구, 더럭분교)",#더럭분교,['#더럭분교']
45,"더럭초등학교(구, 더럭분교)",,[]
46,"더럭초등학교(구, 더럭분교)",#셀프웨딩#제주#환상의섬,"['#셀프웨딩', '#제주', '#환상의섬']"
47,"더럭초등학교(구, 더럭분교)","더럭분교 너무 예쁜 학교
하늘도 무지개빛 건물도 너무 예뻐요",[]
48,"더럭초등학교(구, 더럭분교)",더럭분교에서 손가락 우정샷!나의 의지인과 함께 ㅋ,[]
49,"더럭초등학교(구, 더럭분교)",더럭분교의 아름다운 풍경,[]
50,"더럭초등학교(구, 더럭분교)",,[]
51,"더럭초등학교(구, 더럭분교)",,[]
52,"더럭초등학교(구, 더럭분교)",,[]
53,"더럭초등학교(구, 더럭분교)",,[]
54,"더럭초등학교(구, 더럭분교)",,[]
55,"더럭초등학교(구, 더럭분교)","무지개색이 정말 사랑스러운 더럭분교!
아이들의 알록달록 다양한 꿈을 표현한 것 같아요^^",[]
56,"더럭초등학교(구, 더럭분교)",더럭분쿄의 색감이 정말 예쁜 날이었다. 언니는 또 내 전속 사진기사가 되서 열심히 찰칵찰칵!,[]
57,"더럭초등학교(구, 더럭분교)",,[]
58,"더럭초등학교(구, 더럭분교)",,[]
59,"더럭초등학교(구, 더럭분교)",내년 봄 태어날 아기와 함께 한 제주여행. 다양한 빛깔로 단장한 더럭분교처럼 우리 아이도 틀에 박히지 않고 열린 마음을 가진 포용력 있는 사람으로 자라면 좋겠어요,[]
60,"더럭초등학교(구, 더럭분교)",애기들과의 제주여행이라면 더럭분교 꼭 추천해요^^,[]
61,"더럭초등학교(구, 더럭분교)",알록 달록 예쁜 인생샷 건지기에 더할나위 없이 완벽한 더럭분교입니다~ ^^,[]
62,"더럭초등학교(구, 더럭분교)","알록 달록 더럭분교!
예전에 학교 다닐때의 순수한 마음으로
돌아간 듯한 느낌 :)",[]
63,"더럭초등학교(구, 더럭분교)",,[]
64,"더럭초등학교(구, 더럭분교)",알록달록 사랑스러운 학교,[]
65,"더럭초등학교(구, 더럭분교)",,[]
66,"더럭초등학교(구, 더럭분교)","2015년의 끝자락과 2016년의 초입새에 제주도에서 이쁜 추억을 쌓고 만나게 된 커플입니다
곧 1주년 기념으로 같은 날짜에 제주도에 다시 여행을 가는데 그때의 추억들에 더 이쁜 추억들을 얹을 생각을 하니
매우 설렙니다",[]
67,"더럭초등학교(구, 더럭분교)",친구와 비오는날 더럭분교에서,[]
68,"더럭초등학교(구, 더럭분교)",,[]
69,"더럭초등학교(구, 더럭분교)",,[]
70,"더럭초등학교(구, 더럭분교)",,[]
71,"더럭초등학교(구, 더럭분교)",예쁜색감에 사진안찍고는 못베기는 곳이죠 초록잔디와 알록달록학교에 파란하늘이면 그저 갖다대는 족족 작품입니다. 뒤에 높은건물이 없기에 가능한거같습니다 우정샷찍기에 이만한곳이 없죠,[]
72,"더럭초등학교(구, 더럭분교)",친구와 함께 트윈룩 입고 색감이 아주 좋아요,[]
73,"더럭초등학교(구, 더럭분교)",더럭분교! 전에 평일에 가서 불편했던 적이 있어서 이번엔 일부러 일요일에 맞춰 사진 찍고 왔어용~~~,[]
74,"더럭초등학교(구, 더럭분교)",햇살마저 너무 좋았던 더럭분교,[]
75,"더럭초등학교(구, 더럭분교)",지난여름 더럭분교에서 셀프웨딩촬영을했답니다,[]
76,"더럭초등학교(구, 더럭분교)",전날과 전전날 폭풍우로 날씨가 안좋았었는데 돌아가는날 날씨가 엄청좋았던 제주도 더럭분교에서 그 기쁨을 표현한 쩜프!,[]
77,"더럭초등학교(구, 더럭분교)",일년에 한번 친구와의 여행,[]
78,"더럭초등학교(구, 더럭분교)",,[]
79,"더럭초등학교(구, 더럭분교)",분교에서 축구공,[]
80,"더럭초등학교(구, 더럭분교)",너무 이쁜 학교!!,[]
81,"더럭초등학교(구, 더럭분교)",사진속 우리는 너무 즐거워요!! 무더운날도 잊고 뛰어놀아요!!,[]
82,"더럭초등학교(구, 더럭분교)",,[]
83,"더럭초등학교(구, 더럭분교)",실제로 아이들이 수업하는 분교 더럭분교에서 동심으로 돌아간시간들,[]
84,"더럭초등학교(구, 더럭분교)",제주도 여행,[]
85,"더럭초등학교(구, 더럭분교)",제주의 상징 귤! 군데군데 보이는 빛깔좋은 열매들,[]
86,"더럭초등학교(구, 더럭분교)",몬드리안이 생각나는 더럭분교의 멋진 페인팅,[]
87,"더럭초등학교(구, 더럭분교)",알록 달록한 더럭분교 내마음도 더럭! 알록달록,[]
88,"더럭초등학교(구, 더럭분교)",비만 잔뜩오다가 맑게 갠 제주도의 3일차 시작을 알린 더럭분교!! 더럭분교는 The Love♥️,[]
89,"더럭초등학교(구, 더럭분교)",,[]
90,"더럭초등학교(구, 더럭분교)",제주도에 갈때마다 꼭 들르고 싶은 곳 ㅋ 풍경이 정말 예쁘고 좋았어요 ㅋ,[]
91,"더럭초등학교(구, 더럭분교)","알록달록 더럭분교에서
평일에는 가면은되요😡
주말에 잠깐갔다왔지요",[]
92,"더럭초등학교(구, 더럭분교)",,[]
93,"더럭초등학교(구, 더럭분교)","포토존으로 너무나도 유명해진 더럭분교!
벽화를 어쩜저리 이쁘게 꾸며놓은것인지 보기만해도 기분이 업업! 색감이 알록달록하니 사진이 너무 잘나옵니다_ 그래서인지 셀프웨딩 하시는 분들도 많이 보이더라구요~ 평일엔 학생들이 등교하는 실제 학교이니!! 꼭 토요일, 일요일만 방문하셔야해요~",[]
94,"더럭초등학교(구, 더럭분교)","더럭분교는 애월읍 하가리에 있는 작은 초등학교다. 2012년 삼성의 HD 슈퍼 아몰레드 컬러 프로젝트에 선정되면서 지금 같은 모습으로 바뀌었다. 당시 프로젝트에 색채지리학의 창시자인 세계적인 컬러리스트 장 필립 랑클로가 참여했고, 덕분에 더럭분교는 전에 없는 동화 같은 알록달록한 학교로 다시 태어났다.",[]
95,"더럭초등학교(구, 더럭분교)","사진 촬영 명소~
여기 오신분들 모두 인생사진 찍으시길^^",[]
96,"더럭초등학교(구, 더럭분교)",친구와 트윈룩입거,[]
97,"더럭초등학교(구, 더럭분교)",,[]
98,"더럭초등학교(구, 더럭분교)","언니와 막내 남동생과 함께한 제주 여행
우리끼리 여행은 이번이 처음이었습니다.
너무나 행복한 추억을 담고 왔던 제주 더럭분교",[]
99,"더럭초등학교(구, 더럭분교)",아주 이뻤습니다,[]
100,"더럭초등학교(구, 더럭분교)",,[]
0,방주교회,좋아요좋아요좋아요,"['#봄', '#미식', '#애인', '#혼자', '#직장동료']"
1,방주교회,"비오는 날의 방주교회, 가볍게 산책하시고 근처에 본태박물관도 같관람하셔도 좋습니다~~","['#제주가을', '#방주교회', '#안도타다오']"
2,방주교회,"26개월 아이와 함께한 제주여행, 본태박물관 관람 후 바로 옆 방주교회도 잠깐 들러서","['##5월엔제주', '##아이와함께', '##방주교회']"
3,방주교회,#제주가을 #제주방주교회 #건축가이타미준 #노아의방주 물위에 떠 있는 배모양을 형상화해 건축한 방주교회 파란 가을 하늘과 어우러져 더욱 멋스럽다,"['#제주가을', '#제주방주교회', '#건축가이타미준', '#노아의방주']"
4,방주교회,"#제주방주교회
#태풍솔릭
지난 8월말 우리가족 제주 여행 가서 둘째날 #제주방주교회 인생샷 남기려 가서 짝은 사진. 사진의 하늘빛이 심상치 않았는데 아니나 다를까 담날 #태풍솔릭 제주도 상륙.
어쩔수 없이 계획에도 없던 1박을 더하게 되어 #2박3일 여행이 #3박4일이 되었네요.
태풍 지나가는 날 제주시내 호텔에서 비바람이 무서워 아무곳도 못가고 편의점 음식으로 1박2일 지내다 비행기 뜨는날 아침일찍 공항에 대기하다가 집으로 무사히 컴백했어요.
#방주교회 인증샷은 오래 오래 간직해야 겠네요.
우리가족 태풍과 함께한 즐거운 3박4일 지난 늦여름 제주여행.","['#제주방주교회', '#태풍솔릭', '#제주방주교회', '#태풍솔릭', '#2박3일', '#3박4일이', '#방주교회']"
5,방주교회,#방주교회,['#방주교회']
6,방주교회,"#제주가볼만한곳
#방주교회와핑크뮬리
#핑크뮬리","['#제주가볼만한곳', '#방주교회와핑크뮬리', '#핑크뮬리']"
7,방주교회,#여름 #방주교회 #물위에떠있는듯 #아름다운교회,"['#여름', '#방주교회', '#물위에떠있는듯', '#아름다운교회']"
8,방주교회,"#제주도여행 #가을 #물위에떠있는듯 #방주교회

교회라고보기엔 너무 멋진 건축물에 반해서 다녀온곳, 물위에 둥둥 떠있는듯한 뷰가 만족했고...
친구들과 사진찍으며 남긴 추억으로 잊지 못할곳중 하나",[]
9,방주교회,#제주가을 #방주교회,"['#제주가을', '#방주교회']"
10,방주교회,,[]
11,방주교회,#제주가을#방주교회,"['#제주가을', '#방주교회']"
12,방주교회,#제주가을#방주교회,"['#제주가을', '#방주교회']"
13,방주교회,"2박3일 제주 출사~ 둘째날 물위에 떠있는 은빛지붕의 방주교외는 바람에 충추는 억새와 핑크빛 뮬리가
우리들을 반기고 있었다",[]
14,방주교회,"#방주교회 #핑크뮬리 #제주핫스팟
어느덧, 걸음마를 떼고 걷는 조카. 핑크뮬리 사이로 드러난 핑크 깔맞춤의 어린이의 해맑은 감성❤️",[]
15,방주교회,방주교회~ 건물도 유명건축가 분이 지으셔서 그런지 멋있었고 정원관리도 잘해놓으셨더라구요^^ 아이랑 시간보내기 너무 좋았어요~~평온한 느낌이요,[]
16,방주교회,#방주교회 #핑크뮬리 #핫플레이스,"['#방주교회', '#핑크뮬리', '#핫플레이스']"
17,방주교회,"#방주교회. 제주도의 핑크뮬리가 너무 보고싶어서 몇 군데 고민하다 방주교회에 들렀어요. 핑크뮬리밭은 생각보다 아주 조금밖에 없었지만 덕분에 맘에 드는 사진도 찍었고, 방주교회 건축물 자체가 주는 아름다움에도 감동했답니다!",['#방주교회']
18,방주교회,#차에서잠들어버린조카나연이랑부산에서놀러온혜진언니,['#차에서잠들어버린조카나연이랑부산에서놀러온혜진언니']
19,방주교회,"#방주교회
노아의 방주를 떠서 만든 건축물이라 그런지 경건한 느낌!!
물에 떠 있는 노아의 방주 같기도 하고 지붕의 모자이크 색감이 독특해서 아름다웠던..
평안과 함께 정적인 아름다움이 떠돌던곳^^",['#방주교회']
20,방주교회,"넘.. 멋진 곳을 알게 되었답니다...!! 물속에 있는 교회...^
정말 말 그대로 방주교회예요.. 넘! 멋진곳...%",[]
21,방주교회,#노아의방주 #아름다운교회,"['#노아의방주', '#아름다운교회']"
22,방주교회,말로만 듣던 방주교회 작가는 위대해! #물위의 #이타미준,"['#물위의', '#이타미준']"
23,방주교회,올레 10코스를 맘껏 즐기고 돌아오다 들는 방주교회 커피숍 영귤차도 새콤달콤 하루의 피곤을 씻어주는데는 짱~~#제주 #카페,"['#제주', '#카페']"
24,방주교회,방주교회 까페의 차 맛은 일품 이더이다 #제주방주교회,['#제주방주교회']
25,방주교회,#제주태교여행,['#제주태교여행']
26,방주교회,#제주시 #서귀포시 #안덕면에 위치 #예술적인 #건축물 #글라스하우스 #인생샷을 찍을수 있는 명소중 한곳,"['#제주시', '#서귀포시', '#안덕면에', '#예술적인', '#건축물', '#글라스하우스', '#인생샷을']"
27,방주교회,#방주교회,['#방주교회']
28,방주교회,,[]
29,방주교회,#감성충만 #제주여행 #방주교회 #아멘 #따뜻한사진,"['#감성충만', '#제주여행', '#방주교회', '#아멘', '#따뜻한사진']"
30,방주교회,,[]
31,방주교회,#서귀포시 #방주교회 #아름답다 #핑크갈대 #핑크뮬리,"['#서귀포시', '#방주교회', '#아름답다', '#핑크갈대', '#핑크뮬리']"
32,방주교회,#방주교회,['#방주교회']
33,방주교회,친구들과30년만에여행,[]
34,방주교회,#방주교회#JS_Jeju,"['#방주교회', '#JS']"
35,방주교회,"#방주교회,#이타미준,#아름다운건축물
건축가 이타미준이 설계한 건축물의 하나인 방주교회
노아의 방주를 모티브로해서 만들었다고 하네요^^","['#방주교회', '#이타미준', '#아름다운건축물']"
36,방주교회,"#비오는 #일요일 #11시예배 #본당은작아요 #20분전에만석
#실내촬영불가","['#비오는', '#일요일', '#11시예배', '#본당은작아요', '#20분전에만석', '#실내촬영불가']"
37,방주교회,#제주도여행 #방주교회 #제주도,"['#제주도여행', '#방주교회', '#제주도']"
38,방주교회,#방주교회 왔는데 오늘이 청소날이래 ㅋㅋ #방주교회 옆 커피숍에 참 죠으다 커다란 개도 생각난다 # 방주교회 지나서 걸어 다오다 보면 작은 목공집도 참 친절하고 좋다,"['#방주교회', '#방주교회']"
39,방주교회,,[]
40,방주교회,,[]
41,방주교회,#방주교회 #이타미준,"['#방주교회', '#이타미준']"
42,방주교회,#방주교회 #최고 #,"['#방주교회', '#최고']"
43,방주교회,,[]
44,방주교회,#방주교회#아름다운건축물,"['#방주교회', '#아름다운건축물']"
45,방주교회,,[]
46,방주교회,#가을여행 #제주여행 #제주도 #방주교회 #핑크뮬리,"['#가을여행', '#제주여행', '#제주도', '#방주교회', '#핑크뮬리']"
47,방주교회,#겨울여행 #제주여행 #제주도 #방주교회 #우정이란,"['#겨울여행', '#제주여행', '#제주도', '#방주교회', '#우정이란']"
48,방주교회,#제주 #방주교회 #하늘 #투영 #오오오 #멋짐,"['#제주', '#방주교회', '#하늘', '#투영', '#오오오', '#멋짐']"
49,방주교회,#제주 #방주교회 #하늘,"['#제주', '#방주교회', '#하늘']"
50,방주교회,"전공시간에 배운 안도다다오의 방주교회
물안개와 잘어울렸던 이곳은
출입구 바로위에서 빛이 떨어질때.
자리에 앉았을때의 시선.
이 두가지만으로도 반하기에 충분하다♡",[]
51,방주교회,"제주도에 갈때 꼭 하루는 비가왓었다.
비오는날 가면 좋은곳을 게스트하우스 주인께 물어보니 이곳을 추천해주셔서 가보았다.
가는길도 너무 아름답고, 건물자체도 너무 아름다웠다.
비올때 가시는분들 추천",[]
52,방주교회,언제가도 좋은 방주교회~,[]
53,방주교회,아름다운 건축미를 볼 수 있는 방죽교회의 모습입니다.,[]
54,방주교회,핑크뮬리를 기대하고 갔지만 시기가 너무 늦었었나봐요 ㅜ 그래도 너무나 예뻤어요 생각보다 작은 규모였어요 되게 클 줄 알고 상상하고 갔거든요^^,[]
55,방주교회,,[]
56,방주교회,,[]
57,방주교회,"늘 사진으로만 보던 방주교회를 실제로 보니
정말 멋있다는 말만 나오던,
교회 내부도 구경하고 싶었지만 이 날은 개방이 안되서 못봤지만 교회 전경만으로도 그림이었던 순간.",[]
58,방주교회,사진 찍기 좋은 핫플레이스~,[]
59,방주교회,,[]
60,방주교회,"하나님을 예배드리는 곳. 일요일 9시반/11시 예배드림. 예배당 사진촬영금지. 건축과 조경이 예쁜 곳. 한국계 일본인 건축가 이타미준이 설계한 곳. 버스로는 방문하기 어려움. 교회 앞 올리브카페에서 교회건물과 미니정원, 송악산을 바라볼 수 있음. 커피가 아주 맛있음.",[]
61,방주교회,,[]
62,방주교회,,[]
63,방주교회,달랑 교회뿐이지만 너무 좋아서 또 온 곳!,[]
64,방주교회,방주교회,[]
65,방주교회,,[]
66,방주교회,"날씨가 흐려서 교회는 이뿌게 못찍었지만, 핑크뮬리랑",[]
67,방주교회,,[]
68,방주교회,"운치있는 방주교회
비록 핑크뮬리는ㅠㅠ 젖어서..아쉽지만..그래도 지나가는길에",[]
69,방주교회,일반적 교회의 모습을 벗어나 모든 사람들이 추억을 남기는 교회의 모습이었다,[]
70,방주교회,"핑크뮬리 대신 제주의 바람과 추위만 남은, 방주교회 앞",[]
71,방주교회,"태어나서 이렇게 멋진교회는 처음봅니다..
물이흐르는 교회..너무이뻐요!",[]
72,방주교회,"친구커플들과함께한 이번 제주여행!!!
무지개 단체티 컨셉으로 여행내내 입고사진찍었더니 추억이 되네요^^",[]
73,방주교회,제주를 사랑했던 건축가 고 이타미준 선생님의 방주교회 일본인 여자친구와 스냅촬영,[]
74,방주교회,비바람이 부는 날 우리는 방주교회로 고고,[]
75,방주교회,,[]
76,방주교회,엄마랑 제주♡,[]
77,방주교회,아름다운 건축물,[]
78,방주교회,,[]
79,방주교회,엄마랑 딸이랑 여행 중😘,[]
80,방주교회,"제주도여행 중 방주교회를 방문했습니다
너무 멋있습니다",[]
81,방주교회,핑크뮬리!,[]
82,방주교회,건물이 너무 이뻐요!,[]
83,방주교회,점프샷!!!,[]
84,방주교회,건물이 너무 이쁘더라구요!,[]
85,방주교회,,[]
86,방주교회,"노아의 방주를 형상화한 방주교회
건물이 이뻐요~",[]
0,관덕정,"별은 다섯개 주고 싶지만 누워서 처마밑 하늘을 보는데 누군가 다가와 제지한다. 누우면 안된다는게 도무지 이해가 되지 않는다 건물을 느끼는건 여러가지다. 그중에 시간을 보내면서 시간의 흐름을 느끼는건 흔한 일이다. 술을 마시는것도 시끄럽게 구는것도 아닌데 참 권위적이다, 왜 안되냐는 물음에 담당자는 문화재에서 누가 눕냐고 말한다, 그 대답엔 물어본 사람을 아주 사뿐히 무시하는 말투가 숨어져 있다. 오히려 다시한번 당신에게 묻고 싶다. 여기보다 더한 천년고도 경주에서도 앉고 눕고 느껴도 그 누구하나 말리지 않는다. 그럼 거기는 문화재가 아닌가? 그리고 cctv가 있다고 협박아닌 협박은 참 혀를 차게 만든다. 그리고 난 이곳에서 나고 자라서 대학시절엔 여기와서 참 오랫동안 누워서 처마밑 하늘을 봤었다. 그때 공무원들은 당신에 비하면 공무원도 아니었나 보다","['#관덕정', '#관리자', '#교육좀', '#친절교육도', '#함께']"
1,관덕정,"제주의 척박한 삶.. 거친음식과 삶속에서 고뇌하셨던 부친의 기억..

4.3사태로 중산간에서 내려와야 했던 사연.. 집과 마을이 불타고 먹을것이 없을때, 할머니의 작은아버지가 관덕정 주변에 살기에 내려와 피신 생활했던 기억.. 아버지의 아버지가 실종됨으로 모진 고초를 받아야 했던 나의 할머니 사연.. 그리고 제주를 떠나 꼭 살아남아야 한다고, 육지로 아버지를 보내신 할머니의 모정.....

부친 마음속에 꼭꼭숨겨뒀던 제주에서의 한과 사연을... 올해 4월.. 관덕정 주변을 부친과 거닐며.. 듣게 되었다..

나에겐 하멜표류기에서의 이원진 제주목사 이야기를 통해 상상했던 제주 관덕정...
관덕정 처마를 잘라버린 일본군 이야기를 신문기사를 통해 들었던게 다였는데.....

제주의 역사가 다시금 내게 다가온다.


#제주4.3 #하멜표류기 #관덕정","['#제주4', '#하멜표류기', '#관덕정']"
2,관덕정,#제주43 #제주43사건 #관덕정 #제주43유적지,"['#제주43', '#제주43사건', '#관덕정', '#제주43유적지']"
3,관덕정,"1448년이래로 지금까지 제주도민과 역사를 함께한 관덕정. 늘 여행차 지나며 보아오던 관덕정을 전 구도심에서 그저 관광객의 눈을 즐겁게해주고 지친 다리를 쉬어가게 해주는 곳이라고만 여겼었는데 이곳에서도 4.3의 아픈역사를 함께하네요
이번 제주여행에서 좀더 넓은 시야와 역사를 알아갑니다.
앞으로는 제주도민과 함께 더이상 슬픔이 아닌 즐겁고 행복한 일들의 역사가 관덕정앞에 쓰여지길 바라겠습니다.",[]
4,관덕정,#관덕정 제주목관아 수문장교대의식 과 김수문목사와결사대,['#관덕정']
5,관덕정,#관덕정,['#관덕정']
6,관덕정,#관덕정 #제주43은역사입니다,"['#관덕정', '#제주43은역사입니다']"
7,관덕정,#제주역사읽기 #하마비 #관덕문,"['#제주역사읽기', '#하마비', '#관덕문']"
8,관덕정,#관덕정 #관덕전역사 #제주산책 #날씨맑음,"['#관덕정', '#관덕전역사', '#제주산책', '#날씨맑음']"
9,관덕정,"#성주간 맞이 #제주성지순례 ... 라기에는 살짝 부끄럽지만~ ㅋㅋㅋ #황사평 성지랑 #관덕정 에 다녀왔다. 지난 3/29 성삼일 시작하는 날, 이래저래 나름 의미 있는 시간을 보낸 듯하다. ^0^","['#성주간', '#제주성지순례', '#황사평', '#관덕정']"
10,관덕정,"제주도 4.3사건을 추모합니다
돌아가신분들의 명복을 빕니다",[]
11,관덕정,"#관덕정
#제주
#제주목
#제주여행","['#관덕정', '#제주', '#제주목', '#제주여행']"
12,관덕정,"저는 30대 중반 사회인 입니다.
제주에서 태어나서 제주에 생활 터젼을 잡고 살고 있는 평범한 도민입니다. 창피하지만 제가4.3에 대해 알게 된 것은 20대 초반쯤 이었죠. 자세히 알지는 못했고 제주도에서 이런일이 있었다정도...관덕정은 어렸을 적 부터 저의 생활권에 들어와 있어서 특별하다거나 그냥 오랜곳, 유적지 이정도의 감각으로 존재해 있었습니다. 그런데 저번 tv에서 차이나는클라스에 순이삼촌의 작가님께서 나오셔서 제주4.3사건에 대해 이야기해주셔서 관덕정을 비롯한 지금은 관광지로만 알고 있는 곳 들에 우리의 아픔에 역사가 있었다는 것에 놀랍고 새롭게 보이기 시작했습니다. 순이삼촌책을 주문했는데 읽어보고 다시 방문해야겠다고 생각했습니다.",[]
13,관덕정,#4.3아픔을 나누다,['#4']
14,관덕정,이사건을 꼭 잊지않고 기억하겠습니다..,[]
15,관덕정,관덕정에서 귀엽게 사진찍기,[]
16,관덕정,오리지널 돌하르방 에서 이상형을 만났어요,[]
17,관덕정,잊지않겠습니다,[]
18,관덕정,종이 한장에 남겨진 기록만이 역사가 아닙니다. 기록되지 못한 역사도 역사입니다. 종이에 기록되어 있지 않아 당신들의 아픔을 모르고 지냈던 지난날들을 용서해주세요. 오늘날부터 잊지않겠습니다. 영원히 기억하고 기록하겠습니다.,[]
19,관덕정,"처음 제주도에 갔을 땐 그저 서울에 있는 동대문과 같이 성문인 줄로만 알고 있었습니다.
제가 여행가있던 날인 4월 3일날 네이버에 올라온 실시간 검색어 “제주 4•3 사건”을 계기로 더 많은 것을 알게 되었습니다. 학생때 역사책이나 선생님이 제대로 알려주지 않은 우리나라의 슬픈 역사가 아름다운 이 땅에서 일어났다는 게 매우 서글프게 느껴졌습니다. “관덕정”에 대해 무지했던 제 자신이 부끄럽게 느껴졌고, 앞으로 많은 분들이 이 곳에 더 많이 방문해주시고 과거 제주 시민들의 아픔과 슬픔을 같이 느끼고 추모해주셨으면 좋겠다는 생각이 들었습니다. 제주시민분들 아름다운 땅을 지켜주셔서 감사합니다.",[]
20,관덕정,그냥 옛날 관아구나 라고만 생각하고 들른 관덕정에 이런 아픔이 있었을꺼라 꿈에도 생각 못했습니다. 지금까지의 제주 여행이 먹고 노는 것이었다면 이젠 배움과 즐거움 을 함께 온전히 제주를 다시한번 보괴싶다는 생각이 듭니다,[]
21,관덕정,그냥 아름다운오름인줄로만 알았던 다랑쉬오름..4.3당시 주민들이 죽어간 아픈 역사의현장이라는 사실도 다시한번 새겨보게되었어요,[]
22,관덕정,국가의탄압으로 희생자분들과 유족들의 명예회복과 배상이 이루어지길 바란다.그리고 이 일에 대해 우리모두가 관심을 가지길 바란다. 그리하면 후손들에게 진실된 역사로 전달이 될 것이다..우리라도 일본과같은 왜곡된 역사를 가르치면 안 될것이다.억울하게 희생된 분들을 위해서라도 올바른민주주의를 만들어가기를 온 마음으로 빌어본다.,[]
23,관덕정,"잊어서는 안될 역사, 오래 기억하고 많아 가봐야 할 곳이며 제주의 상징인 관덕정입니다.
아름다운 제주시에 볼 곳도 많지만 그 중에 가장 기억남으며 이곳의 의미와 역사를 알아야 제주를 제대로 볼 수 있습니다. 더 많이 알고 갔으면 좋았을걸 또 배우고 알아서 다시 가보고 싶은 곳입니다. #제주43 #관덕정",[]
24,관덕정,,[]
25,관덕정,"이름조차 제대로 부르지 못하는 4.3 . 그래도 이제는 입 밖으로 내뱉는 것만으로도 다행이고 , 감사한 일이고 작은 희망이된 70주년 .. 더이상 아프고 괴로운 4월이 되지 않도록 많은 이들이 알았으면 좋겠고 , 잘못 알고 있지 않고 제대로 역사 라고 인식 하는 날까지 제 자리에서 제 몫을 다 하겠습니다 . 유가족분들 .. 생존자분들의 감정과 마음을 감히 .. 어렴풋이 짐작하는것도 못하지만 그래도 . 마음이 아픕니다 . 눈물이 얼마나 났는지 .. 벚꽃이 흩날리고 동백꽃이 떨어지고 유채꽃이 활짝 피어나 아름다운 풍경이 왜그렇게 슬퍼 보이는지 모르겠습니다 .. 더이상 숨기지 않고 아픔을 조금이나마 함께 할수있는 70주년이 되었으면 좋겠습니다 . 제주 곳곳에 봄이 오기를 바라고 또 바라겠습니다 . 모두 따뜻한 봄을 보내시길 .",[]
26,관덕정,강의를 들으면서 교수님께서 준비하신 영상 자료를 보았는데요. 70주년을 맞이하여 설민석 선생님께서 제주 4.3 사건에 대해서 강연해주셨습니다. 제주도에 이렇게 슬프고 가슴 아픈 일이 있었다는 것을 저는 난생 처음 알게 되었습니다. 죄 없는 사람들을 죽이고 또 어린 아이의 다리를 잡고 패디기치는 모습을 보고 가슴이 너무 아팠습니다. 하지만 몸에 난 상처보다 이런 일에 대해서 말하지 못해 아픈 시간들을 보내온 사람들을 생각하며 아무것도 적히지 못한 백비를 보고 눈물을 멈추지 못했습니다. 앞으로는 이 사건이 많은 사람들에게 알려질 수 있도록 동참할 것이고 우리가 함께 추모하고 잊지말아야할 일이라고 생각합니다. 감사합니다.,[]
27,관덕정,"저는 어려서 다 알지 못하지만 잊지않고 기억하겠습니다.
제주 4.3 희생자의 아픔을,, 유족들의 아픔을 잊지않겠습니다.",[]
28,관덕정,도심속에 자리하고 있는 관덕정을 지나면서 4•3에 대해서 잘 모르는 아이나 관광객들이 의미없이 지나치는 점에 대해서 안 타깝게 생각합니다. 조금 더 많은 사람들이 4•3에 대해서 생각해보고 의미를 둘수있는 기회가 되었으면 좋겠습니다. 4•3사건의 모든 희생자와 유족들은 나쁜사람도 죄가 있는 사람도 아닙니다. 그저 하루의 생계를 이어가고자 했던 우리의 민족입니다. 의미도 없이 무작위로 희생되었던 그들의 아픔을 기억해주세요.,[]
29,관덕정,그저 여행지가 아닌 다른의미에서의 제주를 느낄 수 있었습니다. <br>희생자분들을 잊지 않겠습니다.,[]
30,관덕정,"10년 전, 친구와 2주 동안 제주 여행을 한 적이 있었습니다. 그 때 올레길의 모든 코스를 걸었으면서도 4.3사건을 기억하지 못하고 있었다는 게 참 부끄러워집니다.
더불어 그 처참했던 일들이 먼 과거도 아니었다는 것에 마음이 아픕니다. 다음 제주여행을 계획할때는 마냥 나들이라고 생각하지 않고, 그 때 희생된 고인들의 넋을 기리겠습니다.",[]
31,관덕정,아는 만큼 보인다는 말이 무엇인지 깨달았습니다. 아름다운 섬 제주도를 즐거운 마음으로 여행다니던 중 관덕정이라는 곳을 알게 되었고 4월 3일 제주도에는 우리가 자세히 듣지 못했던 가슴 아픈 사연이 있다는 것을 알게 됐습니다. 늦게나마 4.3.사건에 대해 알게 되니 이제부터는 그때의 일을 오늘날 우리들이 기억해줘야한다고 생각합니다.,[]
32,관덕정,"관덕정이라는 것을 제주도 여행을 하면서 처음으로 들어봤는데, 이런 곳을 왜 이제 알았나 싶기도 하고, 아쉽기도 많이 아쉬웠다. 주위 사람들에게 더 빨리 많이 알리고 싶다.",[]
33,관덕정,관덕정 주변으로 이주해와서 산지 2년차 되었습니다. 제주가 겉으론 아름답고 낭만이 가득하지만 아픈 4.3의 역사가 있는지 잘모르고 살아왔었습니다. 올해 70주년을 맞아 홍보가 잘 되고 있는것 같습니다. 덕분에 저를 포함한 저의 가족도 이번 기회에 제대로 된 역사를 배우고 갑니다 감사합니다,[]
34,관덕정,지난 12월 눈내리는 날 마을선생님들과 워크샵 첫날에 방문했던 곳이였습니다. 우리나라 역사 속에 많은 아픔을 가진 땅이였음.... 그 제주도가 현대사에서 또 큰아픔을 가진 땅임을 4.3를 통해 깨닫았습니다. 철없을 때 제주는 그냥 힐링하고 쉬는 관광지로만 알고 있었는데.... 진짜 죄송할 따름입니다. 아픔과 고통의 땅 제주가 이제는 평화와 희망의 땅으로 새롭게 되길 바래봅니다.,[]
35,관덕정,"제주도로 온지 올해가 3년차인 저는 관덕정을 참 자주 갑니다. (오늘도 갔어요!)
근처에 살기에 산책도 자주했고, 관덕정에서 열리는 행사와 공연도 많이 봤지요.
이곳이 제주목의 목관아였고, 건물이름이 관덕정이라는 차이도 알게 되었고
이제는 제주 4.3 당시의 유적지였다는것도 배우게 되었습니다.
70년전 관덕정 광장에서 4.3의 도화선이 된 3.1사건이 일어난 말이예요.

저는 영화 지슬을 보면서 4.3이 어떤 사건이었는지 알게 되었는데요.
그 이후로 곶자왈처럼 제주의 우거진 숲이나 산지천처럼 깊게 패인 건천을 바라보면
그 당시에 많은 사람들이 저 험한 곳들에서 숨고 피해다니며 얼마나 고생을 했을지
늘 생각하게 됩니다. 정말 안타깝고 먹먹해져요.

관광오는 분들은 관덕정을 보며 단지 오래된 한옥이라고만 생각하는거 같아요.
이 앞에서 어떠한 일들이 있어왔는지 그리고 그걸 우리가 왜 기억해야 하는지
좀더 생생하게 전달해줄수 있는 방법을 더 고민해봤으면 좋겠습니다.

#제주43 #관덕정 #제주4.3",[]
36,관덕정,#제주43 #관덕정,"['#제주43', '#관덕정']"
37,관덕정,관덕정은 말없이 보았겠지요. 수많은 제주도민들이 학살당한 현장을 말입니다. 70년 전 4월 3일의 일을 잊어서는 안되겠습니다. 가슴 깊이 새기겠습니다. #제주 4.3 #관덕정,[]
38,관덕정,제주 역사가 담겨져있는 곳이기에 더욱 뜻깊은 공간이라 생각되는 관덕정. 몰랐을 때는 그저 아름다운 정자였지만 내막을 알고 나니 눈물이 서려있는 제주도의 역사로 보입니다,[]
39,관덕정,"제주의 상징이자 가슴 아픈 역사의 기억을 가지고 있는 곳
#관덕정 #제주4.3 #제주43 #제주4.3유적",[]
40,관덕정,"관덕정이라는 곳이 서울의 광화문 같은 곳이네요. 정말 소중한 공간입니다. 이곳에서 많은 역사적 사건이 있었고, 4.3사건의 출발점이기에 더욱 의미가 깊은 것 같아요.
특히 역사학도인 제가 가장 오래된 곳이기에 더욱 애정이 갑니다.
앞으로도 관덕정은 해야할 일이 많을 것 같아요. 잘 보존하여서 그 역할이 계속 꾸준히 이어나가길 바라겠습니다
#제주4.3 #관덕정 #기억하고기록하다",[]
41,관덕정,제주43사건의 도화선이 되었던 장소로 기억되는곳이며 제주사람들에게는 역사적으로 의미가 깊은곳이다 토론의 장소의이기도 하다,[]
42,관덕정,#관덕정 - 수문잔교대식 #제주43,"['#관덕정', '#제주43']"
43,관덕정,4.3주간이라 방문했는데 마침 목관아 달빛콘서트를 하고있어서 더욱 좋았습니다. 4.3. 유적지도 보고 문화공연도 보고 1석 2조 굿굿굿굿!,[]
44,관덕정,#관덕정 #목관아지 #목관아달빛콘서트 #4.3유적지 #4.3이벤트 # 제주관광공사 #제주4.3유적,"['#관덕정', '#목관아지', '#목관아달빛콘서트', '#4', '#4', '#제주4']"
45,관덕정,#예술의 가을에 지주의 명인들과 함께하는 행사 보러 왔어요,['#예술의']
46,관덕정,,[]
47,관덕정,#관덕정 #널뛰기 #도민무료 #물고기밥주기,"['#관덕정', '#널뛰기', '#도민무료', '#물고기밥주기']"
48,관덕정,하루방과함께,[]
49,관덕정,#관덕정,['#관덕정']
50,관덕정,한번 쯤은 가볼 만 한 곳,[]
51,관덕정,관덕정입니다.,[]
52,관덕정,,[]
53,관덕정,"매번 제주에 가면 제주시내는 둘러보지 않았다. 지난 가을에는 일부러 관덕정과 제주목관아를 보러 시간을 뺐다. 별거 아닌것처럼 보이는 곳이지만, 옛 제주민들의 기운을 느낄 수 있다고 해야하나... 그 앞을 지키고 있는 진짜 하르방도 만나고... 사람들이 그냥 지나치지 말고 꼭 들러봤으면 좋겠다.",[]
54,관덕정,,[]
0,새연교,유람선관광. 새연교와 새섬 정방폭포 주상절리를 관광할수있는 유람선 재미있는 해설로 아이와 함께 즐거웠던 여행,"['##제주 #여행 #새연교 #유람선', '##유람선 #제주도 #여행', '##유람선 #제주도 #여행']"
1,새연교,이 다리를 건너 새섬으로 갈수있으며(도보) 새섬또한 일품. 다리위에 있을때 바다바람이 기분을 좋아지게 만든다.,[]
2,새연교,"안녕하세요 저희는 제주도에 젊고 건강한 문화를 만들고자 노력중인 ‘서귀포러닝크루’입니다. 저희는 매주 수요일 저녁 많은 분들의 자율적인 참여로 서귀포시 새연교에 모여 그 일대를 달립니다. 이 문화는 제주도민뿐만 아니라 여행객분들도 많이 참여를 해주시는데요, 이 사진들은 이번 제주4.3 추념기간 동안 제주의 아픔을 조금은 더 알리고자하여 저희가 자체제작한 동백 스티커를 가슴에 붙이고 달리고, 또 동백배지를 참여해주시는 분들에게 나눠주는 등 ‘제주4.3알리기’에 적극적으로 동참한 사진입니다.<br>#제주43 #제주43알리기 #제주동백 #제주사삼 70주년제주43 #새연교","['#제주43', '#제주43알리기', '#제주동백', '#제주사삼', '#새연교']"
3,새연교,"#제주 겨울 #새연교 위에서 새로운 인연을 기념하며..<br>힘겨웠던 2017년 일을 마치고, 2018년에는 어떤 일을 하게 될지 기대하며 처음 떠나 본 제주패키지 여행중~","['#제주', '#새연교']"
4,새연교,"서귀포항에서 새섬으로 연결되는 새연교
#새연교 #새섬 #서귀포항","['#새연교', '#새섬', '#서귀포항']"
5,새연교,#서귀포 #제주여행 #제주 #세연교 #고등어가 펄떡,"['#서귀포', '#제주여행', '#제주', '#세연교', '#고등어가']"
6,새연교,#아름다운 #새연교 #사랑해요제주도 #고마워요 제주도 #제주가을 #새연교,"['#아름다운', '#새연교', '#사랑해요제주도', '#고마워요', '#제주가을', '#새연교']"
7,새연교,근처 게스트하우스에서 숙박하면서 저녁에 불켜진 다리를 봤눈데 너무 예쁘고 천지연폭포가 옆에 있어서 같이보면 좋더라구요,[]
8,새연교,#제주여행 #서귀포 #새연교 #제주도 #제주,"['#제주여행', '#서귀포', '#새연교', '#제주도', '#제주']"
9,새연교,#제주여행 #서귀포 #노을 #야경 #새연교 #드론,"['#제주여행', '#서귀포', '#노을', '#야경', '#새연교', '#드론']"
10,새연교,"저녁에 서귀포에 도착한터라 마땅히 갈 곳이 없어서 막연히 찾아 간 곳인데, 생각보다 운치있고 좋았어요. 사실 다리보다는 새섬이 더 낭만적이고 좋았답니다. 섬 내부에 도보도 잘 되어있고, 조명시설도 예뻤어요. 저녁에 연인끼리 가는 거 강추해요! 저는 일출이 궁금해서 새벽에 해 뜰 무렵 다시 갔는데 정말 대박이었어요.",[]
11,새연교,#새연교#열대야#제주야경#제주밤에 가면 좋은곳#제주도야경#서귀포야경#가족나들이#새섬,"['#새연교', '#열대야', '#제주야경', '#제주밤에', '#제주도야경', '#서귀포야경', '#가족나들이', '#새섬']"
12,새연교,# 드라이브 저녁노을,[]
13,새연교,"밤의 바다, 아름다운 !
-
#제주여행 #제주바다 #바다 #밤의바다 #야경 #새연교","['#제주여행', '#제주바다', '#바다', '#밤의바다', '#야경', '#새연교']"
14,새연교,#새연교 #가족여행,"['#새연교', '#가족여행']"
15,새연교,#서귀포항 #새연교 #jeju #제주도 #야경,"['#서귀포항', '#새연교', '#jeju', '#제주도', '#야경']"
16,새연교,#새연교#야경#멋있다,"['#새연교', '#야경', '#멋있다']"
17,새연교,#새연교 #야경 #제주 #힐링 #바닷바람,"['#새연교', '#야경', '#제주', '#힐링', '#바닷바람']"
18,새연교,#제주야경,['#제주야경']
19,새연교,#새연교,['#새연교']
20,새연교,"#제주도
#새연교
규모는 크진 않지만 밤에 가면 정말 예쁜 야경을 보실수 있어요 ^^ 제주 서귀포시 서홍동 707-4","['#제주도', '#새연교']"
21,새연교,#야경은후레쉬지 #새연교이쁨,"['#야경은후레쉬지', '#새연교이쁨']"
22,새연교,,[]
23,새연교,석양으로 보기 더 좋은 곳~!,[]
24,새연교,"#새연교
새섬을 연결해주는 유람선 모양의 새연교 다리는 저녁이 되어 조명이 점등되면 너무 예뻐요^^",['#새연교']
25,새연교,"#물고기#제주도
바람은 불어도 모든것이 좋았다","['#물고기', '#제주도']"
26,새연교,#제주도야경#새연교,"['#제주도야경', '#새연교']"
27,새연교,#새연교 #제주,"['#새연교', '#제주']"
28,새연교,"#석양 #해질녘
저녁 노을이 보고 싶다면 새연교를 방문해 보세요!","['#석양', '#해질녘']"
29,새연교,,[]
30,새연교,다리에 조명 켜지면 멋있어용!,[]
31,새연교,,[]
32,새연교,새연교 야경,[]
33,새연교,새연교 바다에서보는 모습,[]
34,새연교,친구들이랑 새섬을 향하여 가다가 새연교 다리위에서 한컷,[]
35,새연교,물에 비친 새연교와 구름을 품은 한라산까지 완벽했던 그 밤!,[]
36,새연교,68년만의 슈퍼문을 새연교에서...,[]
37,새연교,새연교,[]
38,새연교,,[]
39,새연교,새연교 출사,[]
40,새연교,,[]
41,새연교,새연교,[]
42,새연교,"새연교와 새섬도 나름 좋더군요.
밤에는 한적하면서도 야경이 멋지고 낮에도 바다와 하늘이 잘 어우러집니다.",[]
43,새연교,새연교 날씨는 참좋았다,[]
44,새연교,여자친구와 세연교 갔다 모기물리며 찍은 야경!,[]
45,새연교,서귀포의 기암절벽과 바다,[]
46,새연교,새연교에서 바라본 한라산과 서귀포 바다,[]
47,새연교,새연교에서 열심히 운동하기ㅋㅋㅋ,[]
48,새연교,"와이프와 연예시절 데이트 코스^^
낭만의 섬 제주 쪼아!!!!",[]
49,새연교,아찔한 높이와 폭포를 쭉 볼수있어좋다,[]
50,새연교,서귀포 새연교 유람선,[]
51,새연교,,[]
52,새연교,법환포구 식당 사장님 추천으로 가게 되었던 새연교. 역시 아무런 기대없이 갔을 때 느끼는 감동이 최고인 것 같아요.,[]
53,새연교,"중문맛집들에서 배부르게 밥먹고 산책하기 딱 좋아요^^
음악이 있는 벤치도 있구
새섬이 있으니 나무의 푸르름괴 바다의 푸르름이 공존하는 산책코스!

지난달사진인데 담주에 또가기로!",[]
0,김영갑갤러리 두모악,오렌지빛 가득한 김영갑갤러리두모악. 그는 가도 그의 영혼은 생기있게 빛나고 있다.,"['#제주컬러어택', '#김연갑갤러리두모악', '#오렌지빛이눈에들어왔다']"
1,김영갑갤러리 두모악,"쉬어가도 좋은 날,
그냥 너라면 정말 좋아해 줄 것 같았어. =D

#여름 #제주 #두모악 #김영갑갤러리 #제주의바람","['#여름', '#제주', '#두모악', '#김영갑갤러리', '#제주의바람']"
2,김영갑갤러리 두모악,김영갑님의 사진에는 바람이 담겨 있었습니다. 1월 이곳에서 본 사진 속 아름다운 오름들의 모습에 감동받아 9월에 오름들을 오르는 여행을 또 다녀왔네요~^^ 고요하고 편안하지만 살아있는 제주의 모습을 사진으로 만날 수 있는 이곳! 사랑하고 강추합니다♡,[]
3,김영갑갤러리 두모악,"제주도를 사랑하고 열망했던 김영갑의 발자취

#김영갑갤러리 #두모악 #김영갑 #사진 #갤러리","['#김영갑갤러리', '#두모악', '#김영갑', '#사진', '#갤러리']"
4,김영갑갤러리 두모악,제주를 가는 지인들에게 꼭 추천하는 곳입니다...폐교를 이용한 아담한 전시장에 제주가 꽉차에 담겨져 있는 곳...제가 너무나 사랑하는 곳입니다. 사진 하나 하나를 감상하다보면 이것이 진짜 제주이구나 를 느낄 수 있을 것입니다. <br>전시장을 둘러보고 아기자기 하게 꾸며진 작은 정원을 둘러보는 기쁨은 보너스와 같지요. 소박하고 소탈한 느낌의 정원인데 작은 돌 하나하나가 정겨운 느낌을 줍니다.<br>두모악에서의 힐링타임 추천합니다.,[]
5,김영갑갤러리 두모악,가을 깊어지기 전 제주를 사랑한 사진작가를 만나다ㆍ,[]
6,김영갑갤러리 두모악,작은 공간이지만 그가 얼마나 제주를 사랑했는지 느낄 수 있는 곳,[]
7,김영갑갤러리 두모악,제주에서 가장 사랑하는 곳,[]
8,김영갑갤러리 두모악,#김영갑갤러리 #월정리로와,"['#김영갑갤러리', '#월정리로와']"
9,김영갑갤러리 두모악,"#김영갑갤러리 정말 보고 싶었는데, 수요일을 휴관이더라구요..
하필 수요일에 가서.. 꼭 수요일은 피해 가세요..",['#김영갑갤러리']
10,김영갑갤러리 두모악,사진작가 친구의 소개로 별기대없이 찾았던 장소인데 우리 아이들과 진짜 좋은시간을 보낸곳ㅇㅣ다. 다음번에 제주에 간다면 또 갈곳으로 찜!!! 또가보고싶은곳.,[]
11,김영갑갤러리 두모악,#김영갑갤러리 #두모악 #감사합니다 #좋은시간 #좋은생각,"['#김영갑갤러리', '#두모악', '#감사합니다', '#좋은시간', '#좋은생각']"
12,김영갑갤러리 두모악,"부산으로출발하는날 아침 마지막으로 들린곳...너무이른시간이였는지.....30분을 기다리고서야 입장을 할수있었다
그것도 제일 1등르로 입장ㅋㅋ ......작가님이 계시던곳이라는 생각에 전시관관람..작고 소박했지만...
나름를가장 좋았던곳이기도하다 척박한 땅을 일구며삶을살아가는 제주민들이야기..그리고 루게릭병에걸려 생을 마감할때까지 제주의 오름들을 닮아내셨고.....그분의 뼈를 뿌린 감나무앞에조용히앉아있자니 눈물이 나왔습니다....마당전체를 천천히둘러보며 나름 사진찍는다고 나름돌아다녔던 나자신이 부끄럽게느껴졌어요...
김영갑선생님 제주두모악에 고이 잠드소서..그리고 아픔없는 세상에서 태어나시길 바랍니다",[]
13,김영갑갤러리 두모악,#아담하고 #예쁜,"['#아담하고', '#예쁜']"
14,김영갑갤러리 두모악,,[]
15,김영갑갤러리 두모악,"김영갑님의 갤러리에 들러 사진도 보고
눈이 많이오고 잘 뭉쳐져서 재밌게 놀았어요",[]
16,김영갑갤러리 두모악,#김영갑 #두모악 #갤러리,"['#김영갑', '#두모악', '#갤러리']"
17,김영갑갤러리 두모악,"#김영갑갤러리 두모악, #미술관,#풍경사진
제주의 바람과 돌과 자연을 사랑했던 고 김영갑작가님의 사진을 만날 수 있는곳","['#김영갑갤러리', '#미술관', '#풍경사진']"
18,김영갑갤러리 두모악,무인카페에 앉아 차 한잔하며 쉼얻기♡,[]
19,김영갑갤러리 두모악,,[]
20,김영갑갤러리 두모악,#김영갑갤러리 #김엽갑갤러리두모악 #17개월 #아기랑 #가족여행,"['#김영갑갤러리', '#김엽갑갤러리두모악', '#17개월', '#아기랑', '#가족여행']"
21,김영갑갤러리 두모악,,[]
22,김영갑갤러리 두모악,#김영갑갤러리 #언제가도좋은곳,"['#김영갑갤러리', '#언제가도좋은곳']"
23,김영갑갤러리 두모악,#제주도비오는날 #제주날씨안좋을때 #제주실내데이트 #김영갑갤러리 #김영갑갤러리두모악,"['#제주도비오는날', '#제주날씨안좋을때', '#제주실내데이트', '#김영갑갤러리', '#김영갑갤러리두모악']"
24,김영갑갤러리 두모악,#김영갑갤러리#두모악#제주오름#사진#갤러리#멋있어요,"['#김영갑갤러리', '#두모악', '#제주오름', '#사진', '#갤러리', '#멋있어요']"
25,김영갑갤러리 두모악,"#김영갑갤러리 #낙엽 #겨울 #가을 #감귤
12월 제주도는 아직 겨울과 가을 사이였다.
겨울이 가장 늦게 찾아오는 곳, 봄이 가장 빠르게 찾아오는 곳.
덕분에 점점 짧아져가는 가을을 충분히 느낄 수 있는 곳이다.","['#김영갑갤러리', '#낙엽', '#겨울', '#가을', '#감귤']"
26,김영갑갤러리 두모악,"우리 가족박물관 탐방 제주에서3
우리 가족은 매년 국립중앙박물관에서 개최하는 우리가족박물관 탐방 행사에 참여하고 있습니다.
그래서 제주도는 매년 찾고 있지요.
제주에는 많은 다양한 박물관이 있습니다.
그래서 우리 가족에게는 더욱 더 의미있는 곳이지요.
다양한 박물관을 탐방하면서 우리 가족은 함께 즐겁고 재미있는 시간을 보내지요.",[]
27,김영갑갤러리 두모악,아는사람만 가는 그곳 김영갑갤러리 두모악,[]
28,김영갑갤러리 두모악,제주와 사진을 사랑한 김영갑선생님의 영혼을 느낄 수 있었던 곳,[]
29,김영갑갤러리 두모악,김영갑 갤러리 뒷길에서 발견한 작은 숲처럼 조성된 예쁜 나무길을 발견하게 되었다.,[]
30,김영갑갤러리 두모악,"제주에 반해서 오름에 반해서.
제주에서 생을 마감했다는 사진작가 김영갑.
너무 멋진 오름 사진이 전시되는 곳.",[]
31,김영갑갤러리 두모악,,[]
32,김영갑갤러리 두모악,,[]
33,김영갑갤러리 두모악,"제주를 사랑한 사진작가, 김영갑.
제주가 사랑한 사진작가, 김영갑.",[]
34,김영갑갤러리 두모악,,[]
35,김영갑갤러리 두모악,,[]
36,김영갑갤러리 두모악,깊어가는 가을색으로 곱게 물든 곳,[]
37,김영갑갤러리 두모악,"제주와 결혼한 사내가 잠들어 있는곳, 두모악 김영갑갤러리에서 담은 요정들과 하루방 아저씨입니다.",[]
38,김영갑갤러리 두모악,,[]
39,김영갑갤러리 두모악,,[]
40,김영갑갤러리 두모악,"김영갑 갤러리 두모악에서,따뜻한 시간❤",[]
41,김영갑갤러리 두모악,,[]
42,김영갑갤러리 두모악,"정말 꼭 한번 가보고 싶었던 김영갑 작가님의 사진 갤러리...
참 아련한 제주의 아름다움을 이곳에서 만나다...",[]
43,김영갑갤러리 두모악,,[]
44,김영갑갤러리 두모악,여유있게 혼자가도 좋을것 같은 장소,[]
45,김영갑갤러리 두모악,,[]
46,김영갑갤러리 두모악,김영갑갤러리에서 제주의 자연을 눈으로 느끼고 왔다.,[]
47,김영갑갤러리 두모악,"제주도 서귀포시 성산읍 위치, 폐교였던 삼달분교를 개조하여 만든 김영갑갤러리 두모악 미술관은 제주를 사진으로 담은 김영갑 선생의 작품들이 전시되어 있는 곳입니다.",[]
48,김영갑갤러리 두모악,가을비가 내리는 날 가기 너무 좋은 곳 :),[]
49,김영갑갤러리 두모악,,[]
50,김영갑갤러리 두모악,,[]
51,김영갑갤러리 두모악,,[]
0,이중섭거리,"신랑없이 떠난 첫 여행 !걱정 반 기대반이었는데
넘넘 행복한 잊지못할 제주의 추억 만들고 왔어요",[]
1,이중섭거리,"#제주43 #이중섭거리 #공방 #미술관 #제주감성<br>여행 간 곳들 중 4.3평화기념관과 함께 가장 마음에 들었던 이중섭거리! 살면서 공방이 이렇게 많은 곳은 처음이었고, 말로만 듣던 이중섭 선생님의 <소>를 이렇게 가까이서, 많이 볼 수 있다는 게 영광이었습니다! 아기자기한 제주의 건물들도 느낄 수 있어서 좋았어요. 다음에 또 갈 거예요~ ❤️","['#제주43', '#이중섭거리', '#공방', '#미술관', '#제주감성']"
2,이중섭거리,#이중섭거리 #제주기념품 #동백꽃 #동백꽃배지 #이중섭기념관,"['#이중섭거리', '#제주기념품', '#동백꽃', '#동백꽃배지', '#이중섭기념관']"
3,이중섭거리,"과거에는 예쁜 조명들이 있어서 야경이 멋찐곳이었는데 어떤 일인지 조명들은 대부분 철거되었다.
지금은 벼륙시장이 들어서서 낮에는 잡다한 것을 구경하는 소소한 재미가 있다.

#이중섭거리 #벼륙시장","['#이중섭거리', '#벼륙시장']"
4,이중섭거리,드라마를 보고 가고 싶어 일정에 넣었던 곳입니다. 사람이 많지 않아서 한적하게 구경할 수 있었어요. 다 좋은데... 주차가 좀 불편했습니다.,[]
5,이중섭거리,이중섭 거리 고즈넉하고 좋았어요...생가를 비롯하여 길따라 그림도 보고..주변 건물들도 아기자기하여 볼거리가 많았답니다..보통 다른곳은 생가 하나 보여주고 끝이었는데 길따라 여러 건물들이 이중섭 이라는 주제로 묶여서 볼거리가 풍부해서 한나절 구경 잘하고 갔답니다.,[]
6,이중섭거리,#제주가을 #이중섭거리,"['#제주가을', '#이중섭거리']"
7,이중섭거리,"#예술 을 공부하는 #학생 입니다! 처음 #제주도 에 가서 들린 곳이 바로 #이중섭 예술의 거리였어요. 아기자기하고 알록달록하고, 정성을 담아 제작한 #핸드메이드 제품을 파는 가게가 참 많더라구요. #여유 를 보았고, #인심 을 샀고, #따듯함 을 나눌 수 있었던 하루였습니다!","['#예술', '#학생', '#제주도', '#이중섭', '#핸드메이드', '#여유', '#인심', '#따듯함']"
8,이중섭거리,"#이중섭거리 에서 이중섭의 많은 작품들과 문화를 엿볼수있는 거리에 많은 거리의상점들이 볼거리를 푸짐하게 준답니다, 서귀포의 또 하나 의즐거움 #이중섭거리 랍니다, 특히나 이중섭 박물관에서 많은 분들의 한마디 한마디가 포스트잇으로 모이고 모여, 그자체만으로도 멋진 작품이 된답니다, 하나하나 읽어보는 재미도 솔솔하답니다,","['#이중섭거리', '#이중섭거리']"
9,이중섭거리,,[]
10,이중섭거리,바닥벽돌도 예뻤던,[]
11,이중섭거리,#이중섭거리,['#이중섭거리']
12,이중섭거리,#제주도 #이중섭거리 #서귀포 #고등학생시절친구들과 #관광 #숨겨진카페 #이중섭거리여기저기 #구석구석 #잘알려지지않은곳들 #가보기좋은곳,"['#제주도', '#이중섭거리', '#서귀포', '#고등학생시절친구들과', '#관광', '#숨겨진카페', '#이중섭거리여기저기', '#구석구석', '#잘알려지지않은곳들', '#가보기좋은곳']"
13,이중섭거리,"온갖 #예술품 들이 즐비했던 이중섭 거리, 예쁜 색들의 까페와 음식점도 즐비했어요. 마치 #화가 #이중섭 을 기리듯, 그의 혼을 이은 작가님들이 열심히 작품활동을 하고 있었어요. 눈 호강에 귀여운 기념품까지 얻어갈 수 있었던 제주도의 숨겨진 곳, #서귀포이중섭거리","['#예술품', '#화가', '#이중섭', '#서귀포이중섭거리']"
14,이중섭거리,#이중섭거리,['#이중섭거리']
15,이중섭거리,#이중섭거리 #이중섭미술관 #안거리밖거리 #건축카페유토피아,"['#이중섭거리', '#이중섭미술관', '#안거리밖거리', '#건축카페유토피아']"
16,이중섭거리,안 읽는 책도 왠지 사야할것 같은~~,[]
17,이중섭거리,왕조개 의자~~~^^,[]
18,이중섭거리,아기자기한 소품들,[]
19,이중섭거리,#아기자기해,['#아기자기해']
20,이중섭거리,"10월5일 그전날 제주는 태풍이 지나갔어요
태풍이지나간 제주는 정말깨끗했지만
아쉽게 거리는 관광객도 없고 한산했어요
이중섭거리에서 거리공연을 했어요
주변상가분들이 좋아하셨고
극장관계자분이 극장안도 구경시켜주셨어요
돌벽으로 이태리 유럽극장같이
멋진극장에서 우리는 노래를 했어요
잊지못할 제주여행의 추억이었습니다",[]
21,이중섭거리,#제주 #이중섭거리 #제주카페거리 #이중섭 #황소 #이중섭미술관,"['#제주', '#이중섭거리', '#제주카페거리', '#이중섭', '#황소', '#이중섭미술관']"
22,이중섭거리,"#이중섭거리
#324 고깃집
#불 짬뽕
#맛있당","['#이중섭거리', '#324', '#불', '#맛있당']"
23,이중섭거리,"#324 고깃집
#셋트 메뉴
#삼겹살
#전복
#짬뽕은 나중에~~","['#324', '#셋트', '#삼겹살', '#전복', '#짬뽕은']"
24,이중섭거리,이중섭미술관갔다가 근처 시장가는길에서..아마추어 작가들이벼룩시장에서 아기자기한 개인작품도 팔고.구경거리가 많음.,[]
25,이중섭거리,#제주 #서귀포 #이중섭거리,"['#제주', '#서귀포', '#이중섭거리']"
26,이중섭거리,#제주 #서귀포 #이중섭거리 #혼자걷기좋은곳 #걷다보니 #올래시장나옴,"['#제주', '#서귀포', '#이중섭거리', '#혼자걷기좋은곳', '#걷다보니', '#올래시장나옴']"
27,이중섭거리,#이중섭거리,['#이중섭거리']
28,이중섭거리,#이중섭거리,['#이중섭거리']
29,이중섭거리,#이중섭거리#제주기념품#제주이중섭거리,"['#이중섭거리', '#제주기념품', '#제주이중섭거리']"
30,이중섭거리,#이중섭거리 #생가옆 #샛길,"['#이중섭거리', '#생가옆', '#샛길']"
31,이중섭거리,"#이중섭 #문화거리
작고 #아기자기한 거리 이지만 구경할것도많고
#올레시장 과 가까워좋다","['#이중섭', '#문화거리', '#아기자기한', '#올레시장']"
32,이중섭거리,"#이중섭거리 예쁜소품 예쁜 카페가 있는곳~
한 번쯤 가 볼만 한 곳",['#이중섭거리']
33,이중섭거리,비가와도 좋았던...,[]
34,이중섭거리,,[]
35,이중섭거리,제주올레시장과 마주보고 있는 이중섭거리. 자그만 동네같은 그 곳에 옛 정취가 묻어난다. 거리에는 이중섭 작품을 음각한 암석타일이 있음. 무료로 은화지체험 및 수채화체험을 할 수 있음. 이중섭생가와 이중섭미술관이 있음. 초가집인 생가는 이중섭이 아내와 두 아들이 살았던 1.4평의 방만 개방함. 이중섭미술관은 성인관람료가 1천원임. 주위에 기념품들도 파는 상점을 구경하는 것도 재미.,[]
36,이중섭거리,이중섭 거리. 기념품과 찻집이 있는 메인로드도 좋지만 옛느낌 나는 골목으로 다녀도 좋아요. 정감 있고 여유로운 분위기를 느끼고 싶은 여행자들에게 추천!,[]
37,이중섭거리,이중섭 거리. 기념품과 찻집이 있는 메인로드도 좋지만 옛느낌 나는 골목으로 다녀도 좋아요.,[]
38,이중섭거리,,[]
39,이중섭거리,,[]
40,이중섭거리,"이중섭거리~
공예품이나 독특한 소품들이 있어요",[]
41,이중섭거리,"4살된 아이와 함께 첫 비행기 여행은 제주도였지..
그리곤 2015년 8살된 아이와 다시 찾은 제주도..",[]
0,너븐숭이 4.3기념관,운영시간이 6시까진데 미리 알아보지 못하고 5시 58분에 도착했습니다 아쉽게도 발걸음을 돌리려 했으나 운영하시는 분께서 흔쾌히 11분짜리 영상도 틀어주시고 친절하게 해설도 해주셨습니다. 감사해요!!!! 다음에 또 가서 4.3길도 걸어보고 싶네요.,"['#너븐숭이', '#4.3길', '#북촌리', '#순이삼촌']"
1,너븐숭이 4.3기념관,#제주43 #분촌너븐숭이기념관 #배움의장소,"['#제주43', '#분촌너븐숭이기념관', '#배움의장소']"
2,너븐숭이 4.3기념관,"수많은 제주4.3유적지중 너븐숭이의 애기무덤을 기억하는 사람은 생각보다 많지 않다.
여러 곳에서 말이 필요없는 참담함을 느끼게 되지만, 애기무덤은 오래도록 충격이고 눈물이다.",[]
3,너븐숭이 4.3기념관,#제주43 #제주43사건 #너븐숭이43기념관 #애기무덤 #제주43유적지 #통곡의무덤,"['#제주43', '#제주43사건', '#너븐숭이43기념관', '#애기무덤', '#제주43유적지', '#통곡의무덤']"
4,너븐숭이 4.3기념관,"#43은우리의역사입니다 #제주43

너븐숭이 4.3기념관 앞 애기무덤에 놓여있는 아기 장난감들을 보고 마음이 아팠습니다.
무덤에 피어있는 수선화의 향기가 오래오래 기억에 남을 것 같습니다.","['#43은우리의역사입니다', '#제주43']"
5,너븐숭이 4.3기념관,"#제주 #제주도 #제주43 #70주년제주43 #제주관광공사 #비짓제주
이번 봄 제주여행은 온전히 이곳을 방문하기 위해서였다.
4.3사건 희생자를 알고, 내 인생 소설 다섯손가락 안에 드는 순이삼촌문학비를 보기위해...
너븐숭이 4.3기념관은 생각보다 알찼다. 4.3에 관한 영상과 전시물을 통해 아픈 역사를 배우게 됐고, 그 현장에서만 오롯이 느낄 수 있는 미안함, 감사의 감정을 가질 수 있었다.
제주에는 화려하고 보기에 즐거운 장소도 많지만, 모두들 한번씩 들러서 제주의 제대로 된 속살을 알아가시길 바란다.","['#제주', '#제주도', '#제주43', '#70주년제주43', '#제주관광공사', '#비짓제주']"
6,너븐숭이 4.3기념관,"제주에 있는동안 방송에서도 4.3사건을 알려주고, 올해는 꼭 들르고 싶은 4.3유적지. 생각보다 많은 4.3의 흔적으로 제주 땅이 다 아픔응 갖고 있음을 알았다. 그중에 너븐숭이 기념관에서 추모하는 시간을 가졌다.
아픈기억이지만 다시는 반복되지 않도록 기억해야겠다는 생각을 했다.",[]
7,너븐숭이 4.3기념관,알지 못해 죄송하고잊혀질뻔해서더죄송합니다..한마음으로아픔을잊지않겠습니다..아픔을딛고제주를지켜준분들께감사를드립니다..,[]
8,너븐숭이 4.3기념관,"제주 4.3은 우리 현대사에 슬픈고도 이픈 역사이다. 희생자들을 추모하며, 그 가족들을 위로합이다.",[]
9,너븐숭이 4.3기념관,잊지않겠습니다 기억하겠습니다 기록하겠습니다 그날에 잔혹함을..,[]
10,너븐숭이 4.3기념관,제주 4.3사건을 잊지 않고 추모하며 살아갈게요,[]
11,너븐숭이 4.3기념관,작년 여름이 갔다왔는데 너무 슬프고 기억해야 사건중 하나 인것같다. 마지막 나올때 촛불에서 묵념을 한개 아직도 기억에 남는다. 제주도가면 꼭가봐야할 장소중 하나 인 것 같다,[]
12,너븐숭이 4.3기념관,학살도 모자라 임시매장까지... 할 말이 없습니다. 당시 분들의 희생에 정말 죄송하고 감사하다는 말씀을 드리고 싶습니다.,[]
13,너븐숭이 4.3기념관,제주 4.3 희생자의 유족의 아픔을 잊지 않고 기억하겠습니다.,[]
14,너븐숭이 4.3기념관,"고등학교 2학년 때 나의문화유산답사기 제주편을 읽고서 제주만의 아름답고 독특한 문화를, 그리고 4.3 사건에 대해 알게 되었습니다. 얼마나 분노했고 안타까웠는지 모르겠습니다. 다만 많은 사람들이 알아야 하는 일인 것만은 분명히 알았고 주변사람들에게 제주는 그저 관광도시만이 아니라 저만의 역사를 지니고 있음을 알리려고 노력했었습니다. 당시 수학여행 때 제주여행 기념 레포트 대회에서 혼자 4.3사건에 대해 썼던 레포트있었고 나름 알리려고 노력도 해봤었는데 대학교를 오고나니 소홀했던것 같습니다. 그때 꼭 너븐숭이 기념관 등 유적지를 가보고 싶었는데 수학여행 이후로 5년이 지나도록 제주도를 가본적이 없네요ㅜ 이번 4.3사건 70주년을 기념하여 더 많은 사람들에게 오랫동안 기억되었으면 합니다! 올해는 더욱 가보고 싶은 제주도네요 :)",[]
15,너븐숭이 4.3기념관,"36년을 살면서 전혀 알지 못했습니다.
하지만 이제부터라도 잊지 않겠습니다.
4.3사건을 겪으셨던분들, 유가족들 진심으로 위로합니다..",[]
16,너븐숭이 4.3기념관,"제주 4・3사건.. 잊지 않겠습니다.
예비교사로서 올바른 역사, 참된 교육을 받을 수 있도록 노력하겠습니다.
다시 한 번 감사드리고 이러한 캠페인을 많이 해서 많은 사람들에게 알려졌으면 좋겠습니다.",[]
17,너븐숭이 4.3기념관,이젠 온국민이 기억해야할 큰사건중 하나임이 분명합니다,[]
18,너븐숭이 4.3기념관,"제주43사건70주년 .
이들과 함께한 우리의 아픈역사 알아가기
#너븐숭이43기념관 #북촌마을 #아픈기억 #제주43사건 #70주년 #우리역사바로알기 #순이삼촌","['#너븐숭이43기념관', '#북촌마을', '#아픈기억', '#제주43사건', '#70주년', '#우리역사바로알기', '#순이삼촌']"
19,너븐숭이 4.3기념관,#제주43#너븐숭이4.3기념관,"['#제주43', '#너븐숭이4']"
20,너븐숭이 4.3기념관,북촌리에서 한꺼번에 400명의 희생자가나오고수습도안된채 아무렇게나 한곳에 묻혔다는사실이 너무슬프네요..4.3사건70주년을맞아 이역사를 가슴에새겨두어야할것같네요,[]
21,너븐숭이 4.3기념관,제주 4.3사건에 대해서 잘몰랐는데 실시간검샏어를 통해 알게되고 너무 마음이아프고 눈물이 많이났어요 너무 늦게 알아서 너무 죄송하고 영원히 잊지 않겠습니다.,[]
22,너븐숭이 4.3기념관,"4년전 제주 여행때 4.3 유적지 중 가장 처음 방문한 곳이었습니다. 애기무덤주변에 가득 피어있던 작은 수선화 무리가 그 아기들인냥 작고 아름답고 향기로워 한참을 떠나지 못했던 기억이 있네요.
반복되지 말아야 할 역사일수록 더 열심히 기억하고 전하고 되새겨야 하겠지요.",[]
23,너븐숭이 4.3기념관,"근처를 지나다가 지인분이 권유해서 가보았습니다. 하필 그날 봄비가 내려 벚꽃잎이 비바람에 기념관 주변 바닥에 흩뿌려져서 더욱 슬퍼보였습니다.벚꽃처럼 귀엽고 예쁜 아이들이 무참히 희생되어 애기무덤이 되다니 모두 다 어른들의 잘못입니다.
기념관 안에 전시되어 있던 4.3 이야기그림책, 나무도장을 읽다가 눈물을 흘렸습니다.
이런 슬픈역사는 다시는 반복되지 말아야 할것입니다.",[]
24,너븐숭이 4.3기념관,"#4.3길을걷다
#4.3이머우꽈
#다크투어리즘
#너분숭이4.3기념관
#나무도장","['#4', '#4', '#다크투어리즘', '#너분숭이4', '#나무도장']"
25,너븐숭이 4.3기념관,그저 여행지로 찾아갔었던 제주였지만 4.3.사건을 알게 되고 이제부터는 그때의 일을 오늘날 우리들이 기억해줘야한다고 생각합니다.잊지않겠습니다....,[]
26,너븐숭이 4.3기념관,"여행지에 갈 때 기념관같은곳을 왜 들리냐고 생각하는 사람들이 있지만,
그들의 희생과 아픔을 기억하기위해 너무나도 필요하다고 생각되는 것이 바로 기념관이라고 생각합니다.
제주도 여행계획을 세우면서 자각하지 못했던 장소이지만, 제주4.3에 대해 알게되면서 당연히 들려야 할 곳이라고 생각하게 되었습니다.
역사를 알면 그 장소에대해 더 많이 보이고, 느껴지는 것처럼 제주4.3을 좀 더 많은 사람들이 기억하며 느꼈으면 합니다.
희생자분들을 잊지 않겠습니다.",[]
27,너븐숭이 4.3기념관,"학창시절 4.3사건을 알게 되면서 시험문제 중에 하나라는 생각을 했던 게 너무 창피합니다.
머릿속으로 사건을 외웠을 뿐, 마음으로 새기지 못해 죄송합니다. 그런데 제가 조카가 생기고 난 후, 이 사건을 되짚어보니 얼마나 마음이 아프던지요.
내 조카같은 어린 아이들이 아무것도 모른 채 생을 마감해야 했다는 사실이 너무 슬퍼 눈물짓게 되었습니다.
이건 마냥 남의 일이 아니다, 내가 살고 있는 역사의 일부이니 나의 일이기도 하다는 생각에 절로 숙연해집니다.
휴양지라고만 생각했던 제주, 이제는 제주에 방문할 때 바람에 흔들리는 나무의 소리를 들으면 희생자의 넋이 왔다간 줄 알고 마음 속으로 명복을 빌겠습니다.",[]
28,너븐숭이 4.3기념관,"너븐숭이 4.3기념관을 다녀왔어요.
너무 늦게 알아서 죄송한 마음과 글을 읽으면서 마음이 너무 아팠습니다.
꼭 기억하겠습니다.",[]
29,너븐숭이 4.3기념관,"어렸을적엔 그저 제 생일이었지만, 이젠 생일이면 기쁨보다도 마음아픔이 먼저인 요즘입니다. 어린아기들이 영문도모르고 죽임을 당했다는걸 생각하면 가슴아플따름이예요. 아직 방문해보진 못했지만 제주에 가게되면, 꼭 들르고싶은 장소입니다.",[]
30,너븐숭이 4.3기념관,"#너븐숭이4.3기념관
북촌리 대학살은 이틀에 걸쳐 사백명을 학살한다. 버려져야 하는 생명은 없다.",['#너븐숭이4']
31,너븐숭이 4.3기념관,"대규모 민간인 학살이라니요... 정말 너무나 안타까운 현실입니다. 400명 이상의 남녀노소의 민간인이 한날 한시에 학살을 자행했다는데, 도무지 믿어지지가 않을 정도입니다. 치열한 삶을 살아내야 했던 70여년 전의 삶이 슬프고, 아립니다. 잊지 말아야겠습니다. 제주도에 가면 너븐숭이기념관 꼭 방문하도록 하겠습니다. #제주4.3 #북촌너븐숭이기념관",[]
32,너븐숭이 4.3기념관,#제주43 #너븐숭이43기념관,"['#제주43', '#너븐숭이43기념관']"
33,너븐숭이 4.3기념관,"김녕에서부터 올레 19길을 거꾸로 걷다가 들렀습니다. 난시빌레, 북촌포구, 등명대를 거쳐 위령탑을 보면서 너븐숭이 4.3 기념관에 들어갔습니다. 해설사님들의 설명을 들으며....빼곡히 들어찬 장막에 이름들을 읽다보니 울컥했습니다. 기억하겠습니다. 부디 고이 잠드소서.",[]
34,너븐숭이 4.3기념관,"너븐숭이 4.3기념관에는 가장 많은 주민들이 일시에 학살 되었다고 하네요. 공산주의자로 몰려 모두 학살당한 그 분들을 기억해야 합니다. 극단적인 일이 얼마든지 발생할 수 있다는 것을 기억하고 들춰내야 하며 앞으로 살아갈 후세에게 널리 알려야 할 것입니다.
#너븐숭이4.3기념관 #제주4.3 #기억기록",[]
35,너븐숭이 4.3기념관,제주도의아픔 제주43최대의피해마을 북촌너븐숭이기념관,[]
36,너븐숭이 4.3기념관,#북촌너븐숭이기념관#제주43,"['#북촌너븐숭이기념관', '#제주43']"
37,너븐숭이 4.3기념관,#제주43 #너븐숭이 #내이야기좀들어보실래요?,"['#제주43', '#너븐숭이', '#내이야기좀들어보실래요']"
38,너븐숭이 4.3기념관,제주4.3사건이 아닌 다른 명칭으로 사용해한다고 생각합니다. 아무 죄없는 국민이 무차별적으로 공산주의자로 몰아 죽음이 너무 슬프네요,[]
39,너븐숭이 4.3기념관,"막연하게 알고있던 4.3에 대해 다시한번 되짚어볼수 있는 좋은 시간이었고, 내부에서 볼수있었던 동영상과 해설사님의 설명 그리고 야외에 펼쳐지는 아픔의 흔적들이 가슴아팠지만
마음속 깊이 새겨놓을수 있는 기회가 되었습니다.",[]
0,제주민속촌,친동생 군입대와 가족여행 겸 다녀온 제주여행입니다. 입대로 인한 슬픔과 가족여행이라는 기쁨이 공존하는 여행이였는데요 제주도도 날씨가 기뻤다가 슬펐다가 오락가락했었네요 이제는 입대를 한 동생이 하루빨리 나와서 기쁨으로만 가득한 제주여행을 다시 하고싶습니다!,"['#제주민속촌', '#제주도', '#가족여행', '#군입대']"
1,제주민속촌,#제주도 #가족여행 #가을 #제주가을 #제주민속촌,"['#제주도', '#가족여행', '#가을', '#제주가을', '#제주민속촌']"
2,제주민속촌,"1. 제주도의 보롬왓은 카페이지만 그 앞에 마당에 꽃과 메밀밭을 만들어놔서 예쁜 포토존입니다. 이 곳에서 다들 인생샷 한장 건져요!!
2-3. 제주도의 민속촌에서!
4. 우도는 정말 한국의 보물입니다. 너무도 예쁘고 에메랄드빛 바다와 예쁜 자연들이 반겨주는 곳 바로 우도 입니다!
5.성산일출봉 정상은 찍어야지요!!",[]
3,제주민속촌,#제주 여행 에서 추억 쌓기,['#제주']
4,제주민속촌,"제주의 여러 관광지, 테마박물관을 모두 다 둘러보는 번거로움, 시간과 비용을 아끼는 걸 고려하신다면 이 곳을 추천합니다. 민속촌이라고 하면 초가집이나 박물관 같은 교육에 맞춰져 있어 지루할 거라는 편견을 가지고 있었는데 이쁜 꽃들과 사진을 찍을 수 있는 곳들이 많아 좋았고 규모는 작지만 미로동산이나 올레길 같은 테마(큰 동네를 둘러본 느낌??)도 있어 제주도 각지에 흩어져 있는 관광 테마를 민속촌 한 곳에서 해결할 수 있었습니다. 제주 계획 짜기 전에 관광지랑 다른 테마 박물관 관람요금 비교하고 선택한 곳이 여기었는데 단기간에 제주 여행을 해결하고 싶다면 성산일출봉, 우도 그리고 민속촌을 코스로 정한 후에 해안도로 드라이브나 맛집 탐방도 좋을 듯 합니다. 관람시간은 천천히 걸으면서 중간에 쉬고 거기에 조카가 모바일 체험을 신청해서 곳곳을 둘러보다 보니 2시간 정도 소요되었습니다.","['#가족여행', '#애인', '#체험']"
5,제주민속촌,"Individuals Adults 11,000 won July 16th – August 08:30 – 18:30","['#Summer', '#Healing', '#Friends']"
6,제주민속촌,#제주민속촌 #표선제주민속촌 #초가집,"['#제주민속촌', '#표선제주민속촌', '#초가집']"
7,제주민속촌,제주 민속촌~~ 특색있고 좋아요. 아이들이 다양한 문화를 체험할 수 있네요.,[]
8,제주민속촌,#밭담 안에 자리잡은 보리와 촐 집,['#밭담']
9,제주민속촌,"#밭담 사이로 유채와 파, 그리고 항아리를 사이에 두고 항아리에 담긴 내용물을 확인하는 아낙네",['#밭담']
10,제주민속촌,,[]
11,제주민속촌,제주 옛마을을 둘러볼수있어서 좋은 경험이 되었어요.,[]
12,제주민속촌,#제주에서 가장 제주다운 곳 #제주민속촌<br>제주민속촌 이름이 자랑스럽네요<br>아주 만족합니다.,[]
13,제주민속촌,"#제주민속촌 여행 다녀오고 후기 남겨보아요.
먼저 기와로 된 #민속촌정문 으로 들어갔습니다.
#민속촌샛길 을 따라서 천천히 걸었고요.
#민속촌초가집 이 너무 기품있게 보여서 인증샷 찍어봤어요.","['#제주민속촌', '#민속촌정문', '#민속촌샛길', '#민속촌초가집']"
14,제주민속촌,#제주민속촌 #제주도 #한적 #구석구석 #둘러보는재미,"['#제주민속촌', '#제주도', '#한적', '#구석구석', '#둘러보는재미']"
15,제주민속촌,정말 제주도의 옛모습을 보고 배우고 왔네요,[]
16,제주민속촌,,[]
17,제주민속촌,#따사로움 #제주도민 #얼씨구나좋구나 #제주민속촌,"['#따사로움', '#제주도민', '#얼씨구나좋구나', '#제주민속촌']"
18,제주민속촌,"#엄마 와 처음으로 갔던 제주여행, 표선의 민속촌에서 엄마의 단독샷",['#엄마']
19,제주민속촌,#제주민속촌#표선면#먹거리장터,"['#제주민속촌', '#표선면', '#먹거리장터']"
20,제주민속촌,#제주도#민속촌#제주겨울#또다른재미,"['#제주도', '#민속촌', '#제주겨울', '#또다른재미']"
21,제주민속촌,"28년전에 신혼여행이후
친구들과 처음으로 떠난 제주여행이였네요~~
여행하는동안 재미있게디녀고 소중한 추억이였네요^^",[]
22,제주민속촌,#민속촌체험,['#민속촌체험']
23,제주민속촌,,[]
24,제주민속촌,표천에 있는 제주민속촌 대장금 촬영지랑 추노촬영지도 있었고 먹을거리와 무료기차도 탈수있어요.민속놀이도 체험할수있어서 시간가는줄 모르고 아이들과 즐거운 시간을 보냈답니다.꼭 추천해 드리고 싶은곳 이예요~~,[]
25,제주민속촌,,[]
26,제주민속촌,#제주민속촌,['#제주민속촌']
27,제주민속촌,"우리가족박물관탐방 제주에서9
우리 가족은 매년 국립중앙박물관에서 개최하는 우리가족박물관 탐방 행사에 참여하고 있습니다.
그래서 제주도는 매년 찾고 있지요.
제주에는 많은 다양한 박물관이 있습니다.
그래서 우리 가족에게는 더욱 더 의미있는 곳이지요.
다양한 박물관을 탐방하면서 우리 가족은 함께 즐겁고 재미있는 시간을 보내지요.",[]
28,제주민속촌,제주도 향기 물씬,[]
29,제주민속촌,제주도를 느낄 수 있는 곳,[]
30,제주민속촌,떠나요과거로,[]
31,제주민속촌,,[]
32,제주민속촌,,[]
33,제주민속촌,"민속촌이라고 해서 그냥 옛날 집이 있겠구나, 했는데
왠걸, 다양한 체험활동도 있었고 먹거리 장터가 있어서
지루하지않고 너무 좋았다. 그리고 영화 촬영했던 곳도 있었고 말로만 듣던 제주도의 옛날 생활 풍습을 엿볼 수 있었다.",[]
34,제주민속촌,"아방~ 어망~
만장굴 갔다가 숙소 돌아가는길에 즉흥
맛깔나는 설명으로 제주 알아가기
실제거주하는 분 계시다니 넘나 신기!",[]
35,제주민속촌,제주민속촌의 한가한 오후 풍경,[]
0,항파두리항몽유적지,항몽유적지의 사진 스팟📷,"['#5월엔제주#항몽유적지#제주봄여행', '##제주사진찍기좋은곳', '##제주여행']"
1,항파두리항몽유적지,#제주도#제주단풍#항파두리#항몽유적지#귤따기체험#귤,"['#제주도', '#제주단풍', '#항파두리', '#항몽유적지', '#귤따기체험', '#귤']"
2,항파두리항몽유적지,"#항파두리 항목유적지
#25주년 결혼기념 으로떠난여행
#코스모스 #갈대 #화살나무와 빗살나무의 붉은 낙엽
#해바라기 #11월 늦가을여행
#제주의 멋진곳을 만끽하고 돌와왔다
#다시오고싶은곳","['#항파두리', '#25주년', '#코스모스', '#갈대', '#화살나무와', '#해바라기', '#11월', '#제주의', '#다시오고싶은곳']"
3,항파두리항몽유적지,#빨간단풍🍁 #단풍눈 #동화같은숲 #가을 #제주이야기,"['#빨간단풍', '#단풍눈', '#동화같은숲', '#가을', '#제주이야기']"
4,항파두리항몽유적지,"#제주가을 #항파두리항몽유적지 #항몽유적지
#비온뒤 #비온뒤제주 #해바라기밭 #유적지
유적지라는 역사적 의미가 있는 장소와,
해바라기밭 코스모스밭 등 가을에 맞는 드넓은 공간에서
일석이조로 관광도 하고 인생샷도 찍을 수 있는 항파두리 항몽유적지 입니다.","['#제주가을', '#항파두리항몽유적지', '#항몽유적지', '#비온뒤', '#비온뒤제주', '#해바라기밭', '#유적지']"
5,항파두리항몽유적지,#항몽유적지#항몽유적지해바라기숲#항몽유적지코스모스#항몽유적지소국#항몽유적지감귤체험#항몽유적지단풍숲길,"['#항몽유적지', '#항몽유적지해바라기숲', '#항몽유적지코스모스', '#항몽유적지소국', '#항몽유적지감귤체험', '#항몽유적지단풍숲길']"
6,항파두리항몽유적지,#항파두리항몽유적지 에서 곧 태어날 복댕이를 기다리며 찍은 가족사진이에요^^ #해바라기밭 과 #수국 이 멋지게 핀 여름날에 방문해서 그런지 풍경이 참 멋지네요~<br><br>#항몽유적지 #제주해바라기 #제주수국 #항파두리항몽유적지 #여름,"['#항파두리항몽유적지', '#해바라기밭', '#수국', '#항몽유적지', '#제주해바라기', '#제주수국', '#항파두리항몽유적지', '#여름']"
7,항파두리항몽유적지,#비짓제주 #항몽유적지 #해바라기 #외톨이나무 #수국 #힐링 #여행,"['#비짓제주', '#항몽유적지', '#해바라기', '#외톨이나무', '#수국', '#힐링', '#여행']"
8,항파두리항몽유적지,#제주 #여름 #visitjeju #jeju #제주여행,"['#제주', '#여름', '#visitjeju', '#jeju', '#제주여행']"
9,항파두리항몽유적지,수국을 처음 본건데 알록달록 넘 이뻤어요💗#여름 #수국 #제주 #여행,"['#여름', '#수국', '#제주', '#여행']"
10,항파두리항몽유적지,날씨가 흐렸지만 해바라기들 덕분에 노랑노랑 환해보여욤💛셀프웨딩 찍으러 오신분들 정말 이쁘셨다는..☺️#여름 #해바라기 #제주 #여행,"['#여름', '#해바라기', '#제주', '#여행']"
11,항파두리항몽유적지,"#여름
#제주도
#항몽유적지
#해바라기꽃밭
#수국
#코스모스

많은 예쁜 꽃들고 포토죤이 있어 가보게 되었는데,
고려시대 최후의 항몽유적지로, 사적 제396호이며,
현재 15리에 이르는 토성과 삼별초 군사들이 궁술훈련 때
과녁으로 사용했던 살맞은 돌, 성의 건물 문지였던 돌쩌귀,
장수물, 옹성물, 구시물, 옥터 등이 남아 있는 곳이였다.
여름이 지나갈 때쯤 다시 방문한다면
하늘하늘 코스모스가 한가득 피어 반겨주지 않을까
생각해본다.","['#여름', '#제주도', '#항몽유적지', '#해바라기꽃밭', '#수국', '#코스모스']"
12,항파두리항몽유적지,항두리항몽 유적지 다녀왔습니다. 근처에 해바라기가 만발해서 너무 예뻣어요~ 사진찍는곳이 잘 조성되어 있어서 인생사진 건질수 있어요 ~~ ㅋㅋㅋ 꼭 다녀오세요! 강추!,"['#여름', '#포토스팟', '#해바라기']"
13,항파두리항몽유적지,#아이들과 #함께하기 #좋은 #체험 #가득 #역사속을 #걷는 #준비가 #잘된 #프로그램 #가득 #해바리기는 #덤 #수국이 #신기해,"['#아이들과', '#함께하기', '#좋은', '#체험', '#가득', '#역사속을', '#걷는', '#준비가', '#잘된', '#프로그램', '#가득', '#해바리기는', '#덤', '#수국이', '#신기해']"
14,항파두리항몽유적지,6월 해바라기가 이쁜 우리 민족의 아픔이 있는 곳. 삼별초 이야기를 나누며 해바라기밭 걷기,"['#여름', '#체험', '#가족여행', '#걷기', '#삼별초', '#역사', '#항몽']"
15,항파두리항몽유적지,#향파두리 #항몽유적지 #해바라기 #루미투어 #루미수다게스트하우스 #원데이스냅투어,"['#향파두리', '#항몽유적지', '#해바라기', '#루미투어', '#루미수다게스트하우스', '#원데이스냅투어']"
16,항파두리항몽유적지,"해바라기가 가득 핀 항몽유적지
왠지 싱싱해지는 기분이 드는 공간이다.",[]
17,항파두리항몽유적지,#가을제주 #코스모스 #친구들과함께한힐링 #항몽유적지,"['#가을제주', '#코스모스', '#친구들과함께한힐링', '#항몽유적지']"
18,항파두리항몽유적지,#제주 #겨울 #제주겨울 #항몽유적지,"['#제주', '#겨울', '#제주겨울', '#항몽유적지']"
19,항파두리항몽유적지,"고려시대 원나라에 대항한 삼별초가 마지막까지 저항을 했던 유적지이다.
고려조정이 원에 항복한 후 진도로 이동하여 별도의 왕을 세우며 남해안 일때를 평정하기도 했지만 결국 려몽연합군에 패퇴하여 제주로 도망후 이곳에서 최후의 항전을 한 외세에 대항한 유적지이다.
항몽당시 비장한 이야기들이 전해저온다.
#항파두리항몽유적지 #항몽유적지","['#항파두리항몽유적지', '#항몽유적지']"
20,항파두리항몽유적지,"4살,7살 남매의 제주하늘 가슴으로 안기^^",[]
21,항파두리항몽유적지,"#아들과 케미폭발^ㅡ^
#역시 사진은 꽃밭에서","['#아들과', '#역시']"
22,항파두리항몽유적지,"#장난꾸러기 아들과 케미폭발^ㅡ^
#역시 사진은 꽃밭에서","['#장난꾸러기', '#역시']"
23,항파두리항몽유적지,#항몽유적지#9월제주#코스모스해바라기메밀꽃밭#제주꽃밭항몽유적지,"['#항몽유적지', '#9월제주', '#코스모스해바라기메밀꽃밭', '#제주꽃밭항몽유적지']"
24,항파두리항몽유적지,,[]
25,항파두리항몽유적지,#항파두리 항목유적지 #해바라기,"['#항파두리', '#해바라기']"
26,항파두리항몽유적지,#해바라기 #인생샷,"['#해바라기', '#인생샷']"
27,항파두리항몽유적지,"#항파두리 로 가는 제주올레 16코스 , 2013년 가을즈음",['#항파두리']
28,항파두리항몽유적지,"#항몽유적지
#해바라기","['#항몽유적지', '#해바라기']"
29,항파두리항몽유적지,#항파두리성항몽유적지,['#항파두리성항몽유적지']
30,항파두리항몽유적지,"삼별초 최후의 항쟁지로, 항파두리성은 강화도에서 진도로, 다시 제주도로 건너와 몽고에 저항한 삼별초가 마지막까지 머물던 군사기지이다.",[]
31,항파두리항몽유적지,,[]
32,항파두리항몽유적지,수국이 아름답다는 항몽유적지에서 7월의 수국을 만났다.,[]
0,제주조천스위스마을,칼라가 아름다운 제주속의 스위스,"['##스위스', '##스위스마을', '##조천리']"
1,제주조천스위스마을,스위스마을에서 함덕 가는 길에 우연히 발견한 오렌지색 컨테이너 모양의 집~ 우왕 저거 우리 제주 삼촌네 밭에 있는 바구니 그거잖아ㅋㅋㅋㅋ 간판이 없어서 선과장인가 뭔가 하다가 카페라는 걸 알고 들어가봤는데 가오픈 두번째 손님이었네요ㅋ 사장님에게 물어보니 상호가 콘테나라고 하더군요. 제주 표현이래요ㅋㅋ 아래층에 앉아 있으면 도르래로 음료를 내려줍니다. 손으로 막 돌리시는데 신기방기ㅎㅎ 옛날 우물도 생각나고^^ 건물도 특이하지만 창으로 션하게 보이는 귤밭 전경도 좋았어요. 컵도 쬐끄만게 귀엽고.. 겨울에 귤 달리면 어떤 느낌일지 기대됩니닷!! 체험하면 와보고 싶네요~,"['##5월엔제주', '##도르래카페', '##콘테나', '##조천카페', '##함덕', '##귤밭카페']"
2,제주조천스위스마을,완성되면 스위스느낌에 색감도 짱짱해 사진찍기 좋을지 모르나 조그마한데다 여전히 공사중. 아직은 갈필요없다,"['#혼자', '#스위스', '#사진']"
3,제주조천스위스마을,#제주 #스위스마을 #제주도 #여름 #여름휴가 #휴가,"['#제주', '#스위스마을', '#제주도', '#여름', '#여름휴가', '#휴가']"
4,제주조천스위스마을,"#여름 #제주조천스위스마을 #조천스위스마을
건물 색도 이쁘고~ 사진 찍기에는 조천스위스마을 만한곳이 없어요! 짜앙^^","['#여름', '#제주조천스위스마을', '#조천스위스마을']"
5,제주조천스위스마을,#제주#제주도#제주여행#jeju#스위스마을#이쁜마을#포토존#프로방스,"['#제주', '#제주도', '#제주여행', '#jeju', '#스위스마을', '#이쁜마을', '#포토존', '#프로방스']"
6,제주조천스위스마을,#친구들과함께 #휴일힐링 #맑은날씨와함께,"['#친구들과함께', '#휴일힐링', '#맑은날씨와함께']"
7,제주조천스위스마을,볼거리가 다소 많지는 않으나 앞으로 더 생긴다고 하니 한번쯤 방문해보면 좋을듯 싶다.빨간건물을 주로 하여색색의 건물들로 외국느낌이 나는 곳으로 본인이 나오는 사진찍기를 좋아한다면 훌륭한 사진을 건질 수 있고만들기 체험도 있어 이용해보면 재미있을것이다.,[]
8,제주조천스위스마을,엄마와 제주가처음인에동생과조카들...공항에도 도착한후 ..가장처음으로들린곳...조카들좋아서..날리도 아니였담니다,[]
9,제주조천스위스마을,#제주 #조천 #제주조천스위스마을 #예쁜건물 #예쁜카페 #부엉이인형까지 #이런_곳에서_살고싶다,"['#제주', '#조천', '#제주조천스위스마을', '#예쁜건물', '#예쁜카페', '#부엉이인형까지', '#이런']"
10,제주조천스위스마을,#스위스마을 #천혜향수제아이스크림 #우도땅콩아이스크림 #먹거리 #여름더위탈출,"['#스위스마을', '#천혜향수제아이스크림', '#우도땅콩아이스크림', '#먹거리', '#여름더위탈출']"
11,제주조천스위스마을,"스위스마을에 있던 츄러스집
따뜻하니 바로 만들어줘서 짱맛이였다
#제주도 #제주도맛집 #제주도음식 #제주여행 #제주도여행 #여행스타그램 #음식스타그램 #음식 #먹스타그램 #맛스타그램 #먹방 #jeju #jejudo #food #foodstagram #travel #backpacking","['#제주도', '#제주도맛집', '#제주도음식', '#제주여행', '#제주도여행', '#여행스타그램', '#음식스타그램', '#음식', '#먹스타그램', '#맛스타그램', '#먹방', '#jeju', '#jejudo', '#food', '#foodstagram', '#travel', '#backpacking']"
12,제주조천스위스마을,"아기자기해서 좋았던카페💕
마을 확장공사 중이였는데 지금쯤 볼꺼리 더 많아졌겠네요^^",[]
13,제주조천스위스마을,#제주스위스마을,['#제주스위스마을']
14,제주조천스위스마을,"6월12일 8시제주도착 엄마 그리고 여동생 조카들.....
제주가가처음인 여동생과 조카들을위해 동쪽으로해서 일정을세웠다...비행기를타면서 부터신났던 조카들과의 여행은 이렇게시작되었다",[]
15,제주조천스위스마을,#조천#스위스마을#할로윈,"['#조천', '#스위스마을', '#할로윈']"
16,제주조천스위스마을,#일상 #힐링 #추억 #여행 #제주여행 #조천 #스위스마을 #조천스위스마을 #알록달록 #수제아이스크림 #홍콩식와플 #와팡 #우도 #땅콩아이스크림,"['#일상', '#힐링', '#추억', '#여행', '#제주여행', '#조천', '#스위스마을', '#조천스위스마을', '#알록달록', '#수제아이스크림', '#홍콩식와플', '#와팡', '#우도', '#땅콩아이스크림']"
17,제주조천스위스마을,#제주도#스위스마을#너무예쁘다#제주여행#소중한추억,"['#제주도', '#스위스마을', '#너무예쁘다', '#제주여행', '#소중한추억']"
18,제주조천스위스마을,#예뻐 #자유여행,"['#예뻐', '#자유여행']"
19,제주조천스위스마을,"#제주도아이와 #제주도스위스마을 #제주도아이와사진찍을만한 #제주도조천스위스마을 #제주도조천아이와
#스위스마을 #제주도동화속스위스마을 #바람만아니였어도","['#제주도아이와', '#제주도스위스마을', '#제주도아이와사진찍을만한', '#제주도조천스위스마을', '#제주도조천아이와', '#스위스마을', '#제주도동화속스위스마을', '#바람만아니였어도']"
20,제주조천스위스마을,#조천스위스마을 #가족여행 #색감짱짱,"['#조천스위스마을', '#가족여행', '#색감짱짱']"
21,제주조천스위스마을,#조천스위스마을 #제주도사진찍기좋은곳,"['#조천스위스마을', '#제주도사진찍기좋은곳']"
22,제주조천스위스마을,#조천스위스마을 #카페 #카페215,"['#조천스위스마을', '#카페', '#카페215']"
23,제주조천스위스마을,#조천스위스마을 #정성피자집 #말고기피자 #흑돼지피자 #전복피자 #감귤피자,"['#조천스위스마을', '#정성피자집', '#말고기피자', '#흑돼지피자', '#전복피자', '#감귤피자']"
24,제주조천스위스마을,"동행♡
빨강노랑 알록달록 스위스마을에서~~~",[]
25,제주조천스위스마을,"나 홀로 제주에서 일주일🏝✈️💓
(도보🏃🏻+버스🚌)
할로윈시즌의 제주의 스위스마을❤️
너무깜찍하지않나요!!??🎃🌜✨
알록달록 예쁜 건물들이 제주를 닮았어요
한번쯤 추천해요!츄러스집이 굉장히 맛있습니다👍🏻
#제주#제주도#스위스마을#제주도여행#제주도여행코스#여행#셀스타그램#셀피#셀카#데일리#혼자여행
#jeju#jejudo#jejuisland#trip#travel#selfie#daily#backpacking","['#제주', '#제주도', '#스위스마을', '#제주도여행', '#제주도여행코스', '#여행', '#셀스타그램', '#셀피', '#셀카', '#데일리', '#혼자여행', '#jeju', '#jejudo', '#jejuisland', '#trip', '#travel', '#selfie', '#daily', '#backpacking']"
26,제주조천스위스마을,#제주여행 #알록달록 #동화속마을 #조천스위스마을 #스위스마을 #동심으로돌아간듯 #설레이는곳,"['#제주여행', '#알록달록', '#동화속마을', '#조천스위스마을', '#스위스마을', '#동심으로돌아간듯', '#설레이는곳']"
27,제주조천스위스마을,,[]
28,제주조천스위스마을,#조천스위스마을 #야경도 이쁨 #그리고#비바람...,"['#조천스위스마을', '#야경도', '#그리고', '#비바람']"
29,제주조천스위스마을,#조천스위스마을 #제주도 #여행,"['#조천스위스마을', '#제주도', '#여행']"
30,제주조천스위스마을,#조천스위스마을 #대형파르페,"['#조천스위스마을', '#대형파르페']"
31,제주조천스위스마을,#스위스마을 #제주 #수제햄버거 #제주스위스마을 #제주여행 #제주갈만한곳 #제주사진인생샷 #사진 #제주사진 #제주데이트 #제주여행코스 #제주먹방 #제주도,"['#스위스마을', '#제주', '#수제햄버거', '#제주스위스마을', '#제주여행', '#제주갈만한곳', '#제주사진인생샷', '#사진', '#제주사진', '#제주데이트', '#제주여행코스', '#제주먹방', '#제주도']"
0,선운정사,#제주가을#선운정사#제주여행#제주야경,"['#제주가을', '#선운정사', '#제주여행', '#제주야경']"
1,선운정사,#아름다운 #선운정사 #사랑해요제주도 #고마워요 제주도 #제주가을 #선운정사,"['#아름다운', '#선운정사', '#사랑해요제주도', '#고마워요', '#제주가을', '#선운정사']"
2,선운정사,#선운정사 #제주도야경,"['#선운정사', '#제주도야경']"
3,선운정사,#선운정사 #엄마랑여행 #불빛축제 #제주도 여행,"['#선운정사', '#엄마랑여행', '#불빛축제', '#제주도']"
4,선운정사,"제주도 애월읍 선운정사에서
#제주도 #애월읍 #봉성리 #선운정사 #빛마루축제 #야경","['#제주도', '#애월읍', '#봉성리', '#선운정사', '#빛마루축제', '#야경']"
5,선운정사,#애월봉성 #선운정사 #가족여행,"['#애월봉성', '#선운정사', '#가족여행']"
6,선운정사,#선운정사,['#선운정사']
7,선운정사,#제주도여행 #제주도야경 #사찰 #선운정사,"['#제주도여행', '#제주도야경', '#사찰', '#선운정사']"
8,선운정사,#제주 #선운정사 #낮보단 #밤에 #빛을 #발하는곳 #가는길에 #가로등이 #하나없어 #무섭기도하고 #이길이 #맞나 #했는데 #LED꽃보고 #반함,"['#제주', '#선운정사', '#낮보단', '#밤에', '#빛을', '#발하는곳', '#가는길에', '#가로등이', '#하나없어', '#무섭기도하고', '#이길이', '#맞나', '#했는데', '#LED꽃보고', '#반함']"
9,선운정사,#제주도선운정사#제주도야경지#제주도밤추천여행지,"['#제주도선운정사', '#제주도야경지', '#제주도밤추천여행지']"
10,선운정사,"#선운정사 #빛이나는 #꽃들 정말 예쁜야경이었다
소원의 돌 도 체험해보는것도 참재미있다","['#선운정사', '#빛이나는', '#꽃들']"
11,선운정사,#야경이쁨 #기대보단약간아쉬움,"['#야경이쁨', '#기대보단약간아쉬움']"
12,선운정사,#선운정사#야경필수,"['#선운정사', '#야경필수']"
13,선운정사,"#야경이멋있는
#선운정사
#LED장미가많아
#밤에산책하기좋은곳","['#야경이멋있는', '#선운정사', '#LED장미가많아', '#밤에산책하기좋은곳']"
14,선운정사,#선운정사,['#선운정사']
15,선운정사,,[]
16,선운정사,,[]
17,선운정사,,[]
18,선운정사,빛나는 연꽃을 찍었습니다,[]
19,선운정사,야경이 좋은 제주의 베스트5 안에 드는 곳!!,[]
20,선운정사,"야경으로 유명한 절
지금은 공사기간이라 많은 조명이 켜있지는 않지만..",[]
21,선운정사,밤 늦게 찾아가 조용하게 둘러볼 수 있었던 곳입니다. 여행 중 심신의 안정을 찾을 수 있었습니다.,[]
22,선운정사,선운정사 야경,[]
23,선운정사,"제주도 밤의 불빛을 찾아 장미꽃보러 선운정사!!
삼각대들고 요리조리 잘댕기는 우리^^
제주도에 밤에 가볼곳 찾다가 찾아간 곳~
엄청넓은?절이라 여기저기 구경도하고 바람쉐기 좋았던♡",[]
24,선운정사,,[]
25,선운정사,야간 명소로 최고!!!!,[]
26,선운정사,엄마랑 딸이랑 여행 중,[]
27,선운정사,선운정사 야경,[]
28,선운정사,선운정사가서 야경도 보고 소원도 빌고,[]
0,성읍마을,성읍민속마을에서 점심을 먹고 근처에 있는 비자나무들과 함게 산책하기에 좋은것같아요,"['#성읍', '#민손', '#비자나무']"
1,성읍마을,제주 과거로의 여행. 고즈넉한 돌담길을 걸으며 해설사님의 설명을 듣다보면 제주안의 또다른 제주를 만나는 듯 하다~^^,"['##5월엔제주', '##성읍민속마을', '##제주안의제주']"
2,성읍마을,회서 워크샵으로 팀 사람들과 함께한 2박 3일 제주도! 복고 컨셉으로 성읍민속마을에서 신나게 사진 찍었어요 흐흐 5월엔 역시 제주입니다 !,"['#5월엔제주', '##성읍민속마을', '#워크샵']"
3,성읍마을,"#제주가을 #성읍민속마을
아담하고 이쁜 마을","['#제주가을', '#성읍민속마을']"
4,성읍마을,"해설은 좋았지만, 판매강요는 별로였다. 부모님이나 귀가 얇은 사람이 같이 간다면 오미자차 대충 사고 빨리 나오는게 더 좋을것.","['#가족여행', '#걷기', '#체험']"
5,성읍마을,혹시 가게된다면 뒷쪽 구경하는집 절대 들어가지 마세요. 10분 동안 몇개 설명해주고 4만원 짜리 약같은거 팝니다. 안사면 줄땐 쳐먹고 안사냐고 짜증난다고 욕합니다. 제주도 관광지 망신 다 시키네요. 설명해줘서 감사하다고 인사까지 했는데 그냥 무시하고 욕하면서 가네요. 정말 싸울뻔 했습니다.,"['##성읍민속마을 #민속마을 #가족여행', '#체험', '##성읍민속마을']"
6,성읍마을,#제주겨울#성읍민속마을 감나무에 감이 주렁주렁 까치밥 치고는 너무 많이 남겨져 있는듯 하다,"['#제주겨울', '#성읍민속마을']"
7,성읍마을,#성읍민속마을 #민속마을 #제주초가 #성곽,"['#성읍민속마을', '#민속마을', '#제주초가', '#성곽']"
8,성읍마을,#아름다운 #성읍민속마을 #사랑해요제주도 #고마워요 제주도 #제주가을 #성읍민속마을,"['#아름다운', '#성읍민속마을', '#사랑해요제주도', '#고마워요', '#제주가을', '#성읍민속마을']"
9,성읍마을,성읍민속마을은 제주의 옛모습을 고스란히 엿볼수있는곳이다 정의현감행차재현 과 다양한 체험프로그램은 마을소개 싸이트에 접속해 신청 가능하다,[]
10,성읍마을,#성읍민속마을재현축제,['#성읍민속마을재현축제']
11,성읍마을,#제주맛집#제주흑돼지#성읍민속마을#고사리흑돼지,"['#제주맛집', '#제주흑돼지', '#성읍민속마을', '#고사리흑돼지']"
12,성읍마을,#부모님결혼30주년 #큰이모부환갑기념 #효도여행 #성읍민속마을 #오늘의숙소 #가족들다좋아하심,"['#부모님결혼30주년', '#큰이모부환갑기념', '#효도여행', '#성읍민속마을', '#오늘의숙소', '#가족들다좋아하심']"
13,성읍마을,#조용하게힐링 #옛정취 가 생각날때,"['#조용하게힐링', '#옛정취']"
14,성읍마을,"안에는 민속집들이 다양한형태로 가게,수선집,요리집 등 있을건 다있다. 그중좋았던건 숙박시설로도 있었고 예전의 관아시설 같은것도 있어서 상상하기 좋았다. 제주의모습은 여기가 제일 실제처럼 느껴진다",[]
15,성읍마을,"제주의 옛모습을 알수있었던
흥미로웠던 곳",[]
16,성읍마을,#물허벅#물허벅의비밀#민속마을,"['#물허벅', '#물허벅의비밀', '#민속마을']"
17,성읍마을,#제주도숙박 #민속체험 #성읍민속마을 #가족여행 #최고,"['#제주도숙박', '#민속체험', '#성읍민속마을', '#가족여행', '#최고']"
18,성읍마을,"#성읍민속마을 에서 돌하루과 전통가옥에서 첫째아들과 한컷
돌하루방에서 찍어서 둘째도 아들이가봐요^^",['#성읍민속마을']
19,성읍마을,#성읍민속마을 #제주도 #물양동이체험 #제주민속촌,"['#성읍민속마을', '#제주도', '#물양동이체험', '#제주민속촌']"
20,성읍마을,,[]
21,성읍마을,"울딸들 헐~~하며 쳐다본 흑돼지...
작은딸 왈 넘 드러운데 사는거 아니야!!??",[]
22,성읍마을,우리부인이랑 결혼기념일 제주도에서 하루방 코만지면서 사진찍었는데 진짜 아들 낳네요.~♡,[]
23,성읍마을,,[]
24,성읍마을,,[]
25,성읍마을,예전 시골이 나름 민속마을과 다르지 않아서 민속마을은 크게 감흥은 없는데 요안에 3대천왕 나온 삼겹살 집도 있고 한번 돌아보기는 좋아요 ㅋ,[]
26,성읍마을,여러번 가봤지만 갈때마다 조용하고 정겨운 성읍민속마을 이에요.,[]
27,성읍마을,,[]
28,성읍마을,,[]
0,제주특별자치도 도립미술관,제주도립미술관,"['#제주도립미술관', '#걷기여행', '#미술관']"
1,제주특별자치도 도립미술관,,[]
2,제주특별자치도 도립미술관,전시도 좋지만 건물이 마음에 들어서 자주 들립니다. 물에 비친 미술관 반영과 미술관 뒤로 보이는 한라산이 일품이에요. #안도타다오부럽지않은 #존재감,"['#안도타다오부럽지않은', '#존재감']"
3,제주특별자치도 도립미술관,"#제주 도립 미술관
사춘기딸과함께 제주에서 오는 날 공항가기전 오전에 들렸습니다.비도 내리고 비를 맞으며 구경한게잊혀지지 않네요.~친절한 버스 기사님께도 감사 드려요.공항시간에 맞춰가려고 발동동 구르며 버스타고내려서40분 감상하고 다시 버스에 탔습니다.딸하고 사진을 찍고 싶었는데 않 찍는다고 해서 작품만 몇점 찍었답니다.비도 오고 차 한잔 마시면서 밖을 구경하면서 잠깐 여유를 부려봤습니다.",['#제주']
4,제주특별자치도 도립미술관,반영사진을 꼭 찍어야 하는곳. 물에 비친 한라산과 현대적인 건축물의 조화가 너무나 아름다운 장소.,[]
5,제주특별자치도 도립미술관,건물도 예쁘고 전시작품도 최고! 제주에 가서 미술관에서 쉬는 것도 여행의 맛,[]
6,제주특별자치도 도립미술관,"제주비엔날레가 열리고 있는 제주도립미술관, 조용하고 멋있는 건물로 제주를 찾는 관광객들에게 편안한 휴식과 예술품 감상 기회를 제공한다. 처음 열리는 비엔날레라서 그런지 생각보다 많은 사람이 찾지 않는다. 비엔날레 주최측이나 미술관에서도 좀더 사람들 관심을 끄는 방법을 모색하면 좋겠다.",[]
7,제주특별자치도 도립미술관,#제주도립미술관#동생바보#사랑#꿈,"['#제주도립미술관', '#동생바보', '#사랑', '#꿈']"
8,제주특별자치도 도립미술관,"제주 도립미술과에서. . 지는 해를 보았는데
맑은하늘과 눈부신 태양이 일품이었지요. . ^^",[]
9,제주특별자치도 도립미술관,#홀로여행,['#홀로여행']
10,제주특별자치도 도립미술관,미술관 방문,[]
11,제주특별자치도 도립미술관,#어린이날,['#어린이날']
12,제주특별자치도 도립미술관,"아이들과 함께 관람이 가능한 제주도립미술관<br>1층은 아이들이 좋아하는 로봇전시회가열려 로봇의 구조를 이해할수있었던곳~!!!!! 200%강추!!!!!!<br>
#미술관#로봇#갤러리#제주시","['#미술관', '#로봇', '#갤러리', '#제주시']"
13,제주특별자치도 도립미술관,"우리가족박물관 탐방 제주에서5
우리 가족은 매년 국립중앙박물관에서 개최하는 우리가족박물관 탐방 행사에 참여하고 있습니다.
그래서 제주도는 매년 찾고 있지요.
제주에는 많은 다양한 박물관이 있습니다.
그래서 우리 가족에게는 더욱 더 의미있는 곳이지요.
다양한 박물관을 탐방하면서 우리 가족은 함께 즐겁고 재미있는 시간을 보내지요.",[]
14,제주특별자치도 도립미술관,"다양한 전시가 있던 제주도립미술관
그린카드 사용자는 무료!!^^",[]
15,제주특별자치도 도립미술관,바닥에 비치는 모습이 참 근사하죠?,[]
16,제주특별자치도 도립미술관,도립미술관,[]
17,제주특별자치도 도립미술관,,[]
18,제주특별자치도 도립미술관,여자친구와 자주가던 도립미술관의 앞모습을 찍어보았어요!,[]
19,제주특별자치도 도립미술관,,[]
20,제주특별자치도 도립미술관,,[]
21,제주특별자치도 도립미술관,,[]
22,제주특별자치도 도립미술관,몽글몽글피어난 하늘,[]
23,제주특별자치도 도립미술관,제주도립미술관 2층에서본 제주의 석양,[]
24,제주특별자치도 도립미술관,제주도립미술관 건물에는 제주의 미학이 담겨져있다ᆞ 검고 구멍이 송송난 제주의 돌이 발밑과 손끝으로 느껴진다 ᆞ그리고 겨울 봄여름 그리고 가을 ᆢ변화무쌍한 제주의 사시사철이 반사연못에 담겨진다 ᆞ 이 반사연못은 제주도립미술관을 대표하는 예술작품이다 ᆞ 자연이 그려준 이 예술작품속에 나의 얼굴도 담아보고 사랑하는 그대 얼굴도 담아본다ᆞ그러면 나만의 예술작품이 탄생한다 ᆞ 제주의 숨결과 자연이 모두담긴 반사연못에서 나만의 명작을 만나며 제주의 심연을 느껴보자,[]
25,제주특별자치도 도립미술관,"제주의 미술과 드넓은 제주의 생태계를 만날수 있는 곳 ,, 나는 이곳에서 처음보는 푸른 나비를 만났다 , 제주의 푸른바다를 갈망하는 듯한 나비의 날개에서 나는 비상하는 나비를 그려본다",[]
0,약천사,#약천사,['#약천사']
1,약천사,약천사 다녀왔어요~~ 근처 올레코스도 돌았답니다. 불상이 정말 커요!! 그리고 길도 너무 잘 조성되어있어서 찾아가기도 어렵지 않았어요! 한라봉밭이 크게 조성되어있더라구요! 주렁주렁 달려있는 예쁜 노란 한라봉 보기만해도 기분이 좋았어요 :),"['#올레코스', '#약천사', '#아름다워라']"
2,약천사,#하귤 #제주 #약천사,"['#하귤', '#제주', '#약천사']"
3,약천사,#제주 #약천사 #하귤,"['#제주', '#약천사', '#하귤']"
4,약천사,#약천사 #그누군가의아픔이잇는곳 #제주 #4.3,"['#약천사', '#그누군가의아픔이잇는곳', '#제주', '#4']"
5,약천사,#약천사로 오세요,['#약천사로']
6,약천사,#제주 겨울 #약천사,"['#제주', '#약천사']"
7,약천사,#제주겨울 #약천사 #동양최대법당,"['#제주겨울', '#약천사', '#동양최대법당']"
8,약천사,#약천사 #사찰,"['#약천사', '#사찰']"
9,약천사,"처음으로 가본 약천사
1층뿐아니라 2층,3층도
각기다르고 실제로 감동적이었음
무료이고,외국인관광객도 많이찾아왔음",[]
10,약천사,#동양최대 #3층높이 #대웅전 #약사여래불 #굴법당,"['#동양최대', '#3층높이', '#대웅전', '#약사여래불', '#굴법당']"
11,약천사,,[]
12,약천사,#제주야경#제주약천사#약천사,"['#제주야경', '#제주약천사', '#약천사']"
13,약천사,#약천사 #이쁘다 #밤의약천사 #죽기전에봐야할1001곳중하나,"['#약천사', '#이쁘다', '#밤의약천사', '#죽기전에봐야할1001곳중하나']"
14,약천사,#약천사 #이국적 #이것이절이란말인가,"['#약천사', '#이국적', '#이것이절이란말인가']"
15,약천사,약천사,[]
16,약천사,뭔가 너무 매력있던 절 이런 절이 제주에!,[]
17,약천사,,[]
18,약천사,,[]
19,약천사,약천사,[]
20,약천사,,[]
21,약천사,"절을 찾아다닐 만큼의 큰 불교 신자는 아니지만 동양 최대 규모의 법당이라는 단 한줄의 설명만으로 찾은곳!
생각보다 웅장하고, 볼거리가 제법 있었다.
외부의 풍경, 위쪽으로가면 작은 굴안에 모셔져 있는 불상, 내부 천장의 화려함과 위엄.
그냥 들른 곳이지만 흡족하게 돌아간 장소다.

조금 불쾌했던 점이 있다면 중국인들이 법당앞에서 굉장히 시끄러웠는데 가이드나 누구하나 조용히
시키는 사람이 없다는 것이다. 안내문구라도 하나 붙여져 있으면 좋을 것같다!",[]
22,약천사,웅장한 규모의 약천사는 서귀포시 대포동에 위치하고 있습니다.,[]
0,이중섭거주지,"이중섭이 서귀포에서 1년정도 거주하면서 작품활동을 한 집이라고 한다.
아직 거주민이 있으므로 정숙유지는 기본이다.
#이중섭거주지 #이중섭","['#이중섭거주지', '#이중섭']"
1,이중섭거주지,"#가을제주 #제주가을 #이중섭거주지 #이중섭거리 #이중섭박물관 #이중섭생가

우리나라에서 가장 유명한 작가중 한명인 이중섭의 생가
그를 알고 있다면 한번쯤은","['#가을제주', '#제주가을', '#이중섭거주지', '#이중섭거리', '#이중섭박물관', '#이중섭생가']"
2,이중섭거주지,천재화가의 불후한 삶의 환경을 보여줌,[]
3,이중섭거주지,"제주올때부터 이중섭화가를 알고있던아이들.......나름선물사기도좋고.......완전신나서 바구니가득 완전 혼이나가더구만...ㅎㅎ
아이들은 절대 소그린그림의 이중섭화가를 잊지못하겠지........",[]
4,이중섭거주지,#이중섭 거주지 #넘나 감동,"['#이중섭', '#넘나']"
5,이중섭거주지,#옛집#이중섭생가#예술인의 마음,"['#옛집', '#이중섭생가', '#예술인의']"
6,이중섭거주지,"제주에서도 남쪽끝 이중섭 거주지를 가보니
2월초 였던 이때도 제주는 봄 기분 물씬나던 날이였지요
매화꽃이 팡팡 팝콘처럼 터지던날 2박3일간 가족여행 너무 행복했어요",[]
7,이중섭거주지,#제주 #서귀포 #이중섭거주지,"['#제주', '#서귀포', '#이중섭거주지']"
8,이중섭거주지,#이중섭 거주지 #제주 #이중섭거리,"['#이중섭', '#제주', '#이중섭거리']"
9,이중섭거주지,#이중섭 #이중섭방,"['#이중섭', '#이중섭방']"
10,이중섭거주지,,[]
11,이중섭거주지,#제주#이중섭,"['#제주', '#이중섭']"
12,이중섭거주지,"화가 이중섭생가에 떡하니 자리잡고 누워있는 백구~~
이중섭생가를 안내 해주시는 분의 강아지 같았다.
귀에 쏙쏙 들어오는 설명 너무 감사했습니당!!^^",[]
13,이중섭거주지,나만의여행,[]
14,이중섭거주지,이중섭 거리를 걷다보면 나오는 이중섭 거주지,[]
15,이중섭거주지,이중섭은 ㅇㅈㅅ이라고 표시했다. 자신의 작품에 !! 거리도 산책로도 너무 잘.구축되어있다 !!,[]
16,이중섭거주지,,[]
17,이중섭거주지,이중섭거리의 밤에 만난 강아지 형제! 우리들의 시산에도 아랑곳않고 한마리가 누운자리에 따라서 눕던 강아지! 넘나 사랑스러운 것!,[]
18,이중섭거주지,소소하고 아담한 골목길이었지만 예술적인 작가들도 만날 수 있어서 정말 좋았어요 ㅋ,[]
19,이중섭거주지,이중섭거리,[]
20,이중섭거주지,,[]
21,이중섭거주지,,[]
22,이중섭거주지,,[]
0,알뜨르비행장,"# 일제식민지 잔재와 제주 4.3이라는 어두운 우리 근대역사를 직시하는 Dark Tourism의 대표적인 코스로, 생각하는 가을 제주여행의 또다른 면임. 양민학살 장소 유적지 사진은 직접 올리는건 아닌듯 싶어 뺏음. 가벼운 발걸음에 직접찾아 무거운 무거운 역사의 사실을 직시하고 느끼는 시간을 갖는것도 가을 제주도 여행의 소중한 보람이 될듯 합니다.",[]
1,알뜨르비행장,아직도 그 시대의 황량함이 그대로인듯 남아 있어 그곳에 서서 넓은 들판을 바라보는 것만으로도 마음이 아픈 곳... 잊혀지지 않고 기억해야 할 역사이기에 그모습 그대로 보존 되어야 할 곳입니다. #알뜨르비행장 #제주4.3,[]
2,알뜨르비행장,#알뜨르비행장 #다크리즘투어 일제시절 제주가 받았던 상처가 단단한 콘크리트 격납고처럼 남아있는 곳. 이렇게 아름다운 푸른 농경지는 전쟁을 위해 이용되었다니 참.. 먹먹해지는 곳이었습니다. 역사를 잊으면 안될거 같습니다,"['#알뜨르비행장', '#다크리즘투어']"
3,알뜨르비행장,"#제주#제주4•3#동백꽃 알뜨르비행장에 가기 전까지 제주 4•3사건에 대해 알지 못했습니다. 학교 수업에서도 스치듯 지나갔구요. 하지만 역사 현장에 직접 가보니 바로 어제 일어난 일인 것처럼 시간이 멈춘채로 그 자리에 남아있더라구요. 덩그러니 남아 왜 이제서야 날 찾아왔냐고 말하는 것 같았습니다. 먹먹한 마음은 제주를 떠나 일상으로 돌아가도 계속 됐습니다. 여전히 많은 사람들이 제주에서 일어난 일을 알지 못하고, 기억하지 못합니
다. 많은 기억들과 기록을 통해 두 번다시 똑같은 일이 반복되지 않게 해야합니다.",[]
4,알뜨르비행장,일제시대의 비행장이었다는 사실도 아픈데 그곳에서 4.3당시 희생자가 있었다고 하니 아픈현장이기만 한것같습니다.. 잊지말아야할사건인것같아요,[]
5,알뜨르비행장,"비행장의 넓다란 활주로에 수많은 무고한 제주도민들이 끌려와 학살을 당했다고 하니, 매우 가슴이 아픕니다. 오늘은 4월 3일. 더이상 이 땅에 이와 같은 일은 없어야 겠습니다. 동백꽃은 떨어져도 또 다시 꽃을 피워낸다지요. 혹독한 겨울을 이겨낸 후 찾아오는 봄이 소중하게 느껴지듯이, 제주도에서 희생당한 무고한 도민들, 그 가족들, 후손들 모두 따뜻한 위로를 받는 날이 오길 바랍니다. #제주 4.3 #알뜨르비행장",[]
6,알뜨르비행장,"제주 알뜨르비행장에서 있었던 역사적 사실들을 다시 알게 됩니다. 알뜨르비행장이 일본의 제국주의로 인한 중국 침략을 위한 전쟁준비 지역이 되었다고 합니다. 그리고 그 격납고라는 곳은 4.3사건의 학살터라고 합니다.
이 아름다운 현재의 제주만 아는 것이 아니라 과거도 같이 알아야 하겠습니다. #과거를잊지말자 #제주4.3 #70주년 #알뜨르비행장 #격납고",[]
7,알뜨르비행장,#알뜨르비행장,['#알뜨르비행장']
8,알뜨르비행장,"모슬포나 산방산을 가는 길에 부담없이 들를 수 있는 역사의 흔적입니다. 제주가 2차대전 당시 얼마나 요새화되었는지를 보여주고, 그러한 역사의 맥락에서 4.3.의 현장이라는 점까지 생각이 미칠 수 있습니다. 견고하게 남아있는 콘크리트 격납고는 역사의 상처가 얼마나 쉽게 지워지지 않는지를 바로 와닿을 수 있으면서, 초현대적 설치미술의 느낌까지 불러일으키는 불편한 모순을 보여줍니다.",[]
9,알뜨르비행장,#제주43#알뜨랑비행장,"['#제주43', '#알뜨랑비행장']"
10,알뜨르비행장,"#제주43#알뜨르비행장 근처에 살면서도 별 감흥없이 지나갔던 장소인데, 무척 미안한 마음입니다. 국가의 이름으로 가해진 폭력에 대해 끊임없는 반성이 필요합니다.",[]
11,알뜨르비행장,#4.3사건 #제주도 #알뜨르비행장 제주도에서 산지 6개월이 넘었는데도 불구하고 4.3 사건에 대해 몰랐었던 제 자신이 부끄러워지는 장소였어요. 많이 생소했기만 했던 4.3사건이 많은 피해자를 만들었고 그 만들었던 장소에 직접 가보니 가슴이 먹먹했어요. 많은 이들에게 알려주고 그들이 방문하여 추모했으면 하는 바람입니다.,[]
12,알뜨르비행장,#제주43 #알뜨르비행장 #제주4370주년 #제주43사건 #역사를잊은민족에게미래는없다,"['#제주43', '#알뜨르비행장', '#제주4370주년', '#제주43사건', '#역사를잊은민족에게미래는없다']"
13,알뜨르비행장,"#알뜨르비행장, #언제나 가을","['#알뜨르비행장', '#언제나']"
14,알뜨르비행장,"내비게이션이나 지도어플로도 명확한 장소로 안내해주지않기 때문에 상모리 1607-11라고 검색해야 정확한 장소로 갈수있더군요.
상모리 1607-11으로 가셔야 주차장도 있고, 안내소, 화장실도 있습니다.
무료입장, 전체 관람시간 대략 60분

제주비엔날레 전시기간이라서 멋진 전시품들을 볼 수 있어서 더 좋았습니다.
기간 : 2017.09.02 ~ 2017.12.03
장소 : 상모리 1607-11 (주차장 및 안내소)
http://www.jejubiennale.com/exhibition3.php",[]
15,알뜨르비행장,#가을제주 #환상의섬 #제주의아픈역사를알게됨 #제주는사랑입니다,"['#가을제주', '#환상의섬', '#제주의아픈역사를알게됨', '#제주는사랑입니다']"
16,알뜨르비행장,#알뜨르비행장 제주비엔날레2017투어리즘 구경가서 무료자전거빌려 셀카 놀이중,['#알뜨르비행장']
17,알뜨르비행장,평상시 가볼때 다 돌아볼수 없었던 격납고를 무료 자전거를 빌려서 알뜨르비행장 과 격납고속의 몇 작품들을볼수있어서 좋았다 날씨도 아주좋았던기억^^,[]
18,알뜨르비행장,,[]
19,알뜨르비행장,,[]
20,알뜨르비행장,"#서귀포시 #안덕면 #알뜨르비행장

아래벌판 이라는 이쁜 뜻을 가진 알뜨르, 곳곳에 입을 벌린체 널려있는 일제가 남긴 흉물스러운 격납고들, 세월이 흘러도 견고한 시멘트를 만져보니 오한이 절로 느껴진다.

즐거운 마음으로 제주를 여행하는것이 최고지만, 수려한 경관과 아름다운 풍광에 감춰진 제주의 아픈 상처를 돌아보는 시간을 갖는것도 좋을것 같습니다.","['#서귀포시', '#안덕면', '#알뜨르비행장']"
21,알뜨르비행장,아픈 역사의 현장에도 봄이 온다..,[]
0,이중섭미술관,아름다운 제주에서 빛났던 이중섭의 작품처럼 아름다운 제주에서 빛나는 우리가족,"['#5월엔제주', '#제주여행', '#아름다운제주', '#이중섭미술관']"
1,이중섭미술관,#이중섭미술관 #이중섭거주지 #이중섭거리 #서귀포,"['#이중섭미술관', '#이중섭거주지', '#이중섭거리', '#서귀포']"
2,이중섭미술관,#이중섭거리 #이중섭미술관 #이중섭 #서귀포 #4.3전시회,"['#이중섭거리', '#이중섭미술관', '#이중섭', '#서귀포', '#4']"
3,이중섭미술관,"이중섭작품을 전시한 미술관인데 대부분 복제품이다.
특별히 볼것은 없고 입장료가 저럼하다.
#이중섭미술관 #황소","['#이중섭미술관', '#황소']"
4,이중섭미술관,불운한 시대의 천재화가로 일컬어지는 대향 이중섭 화백이 서귀포시에 거주하면서 서귀포의 아름다운 풍광과 넉넉한 이 고장 인심을 소재로 하여 서귀포의 환상 등 많은 작품을 남김. 약 11개월이라는 짧은기간 그의 서귀포 체류는 그 후 대향 이중섭 예술세계에 지대한 영향을 끼쳤쳤다고함.,[]
5,이중섭미술관,,[]
6,이중섭미술관,#Lovelyplaces #이중섭거리 #이중섭미술관 #황소 #서귀포시서귀동 #서귀포시중앙동 #천지연폭포인근,"['#Lovelyplaces', '#이중섭거리', '#이중섭미술관', '#황소', '#서귀포시서귀동', '#서귀포시중앙동', '#천지연폭포인근']"
7,이중섭미술관,옥상이 멋있어,[]
8,이중섭미술관,#비오는제주 #우박오는제주 #날씨안좋은제주 #실내관광지 #이중섭미술관,"['#비오는제주', '#우박오는제주', '#날씨안좋은제주', '#실내관광지', '#이중섭미술관']"
9,이중섭미술관,"우리가족박물관탐방 제주에서7
우리 가족은 매년 국립중앙박물관에서 개최하는 우리가족박물관 탐방 행사에 참여하고 있습니다.
그래서 제주도는 매년 찾고 있지요.
제주에는 많은 다양한 박물관이 있습니다.
그래서 우리 가족에게는 더욱 더 의미있는 곳이지요.
다양한 박물관을 탐방하면서 우리 가족은 함께 즐겁고 재미있는 시간을 보내지요.",[]
10,이중섭미술관,#이중섭#갤러리#옥상#뷰,"['#이중섭', '#갤러리', '#옥상', '#뷰']"
11,이중섭미술관,,[]
12,이중섭미술관,해질무렵. 뒤에 보이는 봄꽃. 노을이 노랗게 드리워서 빛이 참 예뻤습니다.,[]
13,이중섭미술관,"이중섭 미술관 안에서 유일하게 사진 찍을 수 있는 포토존, 황소 복제본. 입장료 2000원",[]
14,이중섭미술관,"이중섭 미술관에서 작가의 작품과 생전 아내와 주고받던 편지도 보고 생가도 체험하고, 이중섭거리도 둘러보고~ 어렵사리 갔었던거 같았는데, 지금와서 보니 가길 잘했다는 생각이 드네요제주 관광의 또다른 묘미였어요",[]
15,이중섭미술관,,[]
16,이중섭미술관,아직 찬바람 불던 3월 이중섭 미술관 근처에서 봄을 맞이하였다. 벚꽃은 아직 다 피지않았지만 봄이었다.,[]
17,이중섭미술관,,[]
18,이중섭미술관,느낌있는 장소니까 엣있게 한컷,[]
0,지니어스 로사이,"#제주여행 갈때마다 #지니어스로사이 를 가려고 했는데 루트와 내부공사때문에 두번이나 못갔던 이 곳을 드디어 방문했습니다!
현무암, 하늘, 유채꽃, 성산일출봉등 제주의 자연과 건축이 함께 공존하는 공간이였기에 감동이 더욱 컸습니다. 자주 방문했던 제주였지만 또 다른 느낌의 제주를 만날 수 있었습니다. 이박삼일간의 일정중에 가장 인상깊었던 곳이였으며 열번정도의 제주여행을 해 봤지만 다섯손가락 안에 들만큼 가치가 높은 곳이였습니다.
#제주도#지니어스로사이 모두 저에겐 소중한 곳 입니다
올해 가을! 얼마 남지 않았습니다 #가을여행 으로 제주도를! 그중에 #지니어스로사이 를 꼭 방문하셨으면 합니다
하늘이 높은 가을. 가을과 잘어울리는 제주. 애정해요💛
#제주 가을#제주여행","['#제주여행', '#지니어스로사이', '#제주도', '#지니어스로사이', '#가을여행', '#지니어스로사이', '#제주', '#제주여행']"
1,지니어스 로사이,#제주 #가을제주 #제주여행공유 #지니어스로사이 #피닉스아일랜드 #섭지코지 #유채꽃 #그리움 #봄 #visit_jeju #visit #jeju,"['#제주', '#가을제주', '#제주여행공유', '#지니어스로사이', '#피닉스아일랜드', '#섭지코지', '#유채꽃', '#그리움', '#봄', '#visit', '#visit', '#jeju']"
2,지니어스 로사이,#제주 #가을제주 #지니어스로사이 #성산일출봉 #명상 #갈대 #안도타다오 #피닉스아일랜드 #visit_jeju #visit #jeju,"['#제주', '#가을제주', '#지니어스로사이', '#성산일출봉', '#명상', '#갈대', '#안도타다오', '#피닉스아일랜드', '#visit', '#visit', '#jeju']"
3,지니어스 로사이,#성산일출봉 #일출 감상 후 건축물에 관심에 많은 제가 조르고 졸라서 가게 된 #안도타다오 의 #지니어스로사이 는 건물과 조형물만으로도 사람을 #압도 시키는 매력이 있었습니다👍👍 웅장한 건물 벽 사이로 보이는 성산일출봉의 모습은 #셔터 를 계속해서 누르게 했습니다. #제주 만의 아름다움 풍경과 안도타다오의 건축물의 조화는 #제주도에간이유 로 충분했습니다. 내년 겨울에 안도타다오의 다른 건축물인 #본태박물관 에도 방문할 계획입니다🤗 가도 가도 아름다운 곳 천지인 #제주도는사랑입니다 💕,"['#성산일출봉', '#일출', '#안도타다오', '#지니어스로사이', '#압도', '#셔터', '#제주', '#제주도에간이유', '#본태박물관', '#제주도는사랑입니다']"
4,지니어스 로사이,#지니어스로사이 #성산일출봉 #액자걸어놓은줄,"['#지니어스로사이', '#성산일출봉', '#액자걸어놓은줄']"
5,지니어스 로사이,,[]
6,지니어스 로사이,안도 타다오의 건축물로 서울에 뮤지엄 산을 방문 후 제주도에 있는 작품도 보고싶어 방문했습니다. 자연 채광을 이용하여 빛을 사용하는 안도 타다오의 디자인은 현대적이게 심플하면서도 자연친화적인 느낌이 있는 것 같습니다. 라틴어로 땅을 지키는 수호신이라는 뜻을 지닌 지니어스 로사이에서 제주도의 매력을 다시 한 번 확인 할 수 있었습니다.,[]
7,지니어스 로사이,고요함이 묻어나는 지니어스 로사이,[]
8,지니어스 로사이,,[]
9,지니어스 로사이,"언젠가부터 아버지의 어깨가 저의 어깨보다 좁아진 것 같아요
참 넓은 어깨, 넓은 등판의 아버지 뒷모습이었는데..

더 늦기 전에 이렇게 여행 올 수 있어서 참 감사하다.

저 또한 아들에게 그리고 이제 어머니 아버지께
듬직한 뒷모습이 되도록 노력해야겠습니다.

지니어스 로사이 들어가는 길에 와이프님이 찍어준 아주 소중한 사진.",[]
10,지니어스 로사이,지니어스로사이에서는 바람소리 물소리에 집중하게된다,[]
11,지니어스 로사이,지니어스로사이의 뷰파인더로 담아본 성산일출봉과 유채꽃밭.,[]
12,지니어스 로사이,,[]
13,지니어스 로사이,"구조물 사이로 보여야하는 성산일출봉
내사진엔없지만..가서 보시면 보여요",[]
14,지니어스 로사이,생일날 여자친구와 갔는데 저 사이로 보이는 노을의 느낌이 좋아서 찍어보았어요!,[]
15,지니어스 로사이,지니어스로사이,[]
16,지니어스 로사이,,[]
17,지니어스 로사이,지니어스로사이에서 성산일출봉을 바라볼 수 있는 명당중 명당! 파노라마로 보이는 이곳 진짜 제주도를 느끼고싶은 이에게 필수코스!!,[]
0,제주현대미술관,예술은 쥐뿔도 모르지만 근처에 볼만한 곳이라고 찍혀서 함 가봄요,"['#여름', '#가족여행', '#가족']"
1,제주현대미술관,#셔틀타고미술관,['#셔틀타고미술관']
2,제주현대미술관,정상간 저지리에 위치한 제주현대미술관은 파주 헤이리처럼 예술가들의 작업실과 전시공간이 많이요. 도립미술관과 현대미술관 추천!,[]
3,제주현대미술관,"전 세계의 미술관 방문이 목적인 나!
우리나라 가장 남쪽 미술관을 대표하는
#제주현대미술관
제주다움을 충분히 느낄 수 있었던 곳^^",['#제주현대미술관']
4,제주현대미술관,,[]
5,제주현대미술관,"추운날도..
비가와도..
눈이와도..
걱정없는 제주관광
#제주현대미술관",['#제주현대미술관']
6,제주현대미술관,"정말아름다운 곳 조용해서 좋았고 작품들의 아름다움때문에좋았고..아이들은도토리줍느라좋았고^^
입장료도좋았고♡",[]
7,제주현대미술관,"우리 가족박물관 탐방 제주에서 2
우리 가족은 매년 국립중앙박물관에서 개최하는 우리가족박물관 탐방 행사에 참여하고 있습니다.
그래서 제주도는 매년 찾고 있지요.
제주에는 많은 다양한 박물관이 있습니다.
그래서 우리 가족에게는 더욱 더 의미있는 곳이지요.
다양한 박물관을 탐방하면서 우리 가족은 함께 즐겁고 재미있는 시간을 보내지요.",[]
8,제주현대미술관,"#제주
#제주도
#제주자유여행
#제주여행
#jeju
#제주현대미술관
#부모님과제주여해
#혼저옵서예
#
#","['#제주', '#제주도', '#제주자유여행', '#제주여행', '#jeju', '#제주현대미술관', '#부모님과제주여해', '#혼저옵서예']"
9,제주현대미술관,#제주현대미술관,['#제주현대미술관']
10,제주현대미술관,시내에서 멀지만 한적하게 문화생활을 즐길 수 있어서 좋아요! 날씨 좋은 날은 산책 코스로도 좋습니다! 무엇보다 비싸지 않은 관람료가 최고인듯해요,[]
11,제주현대미술관,"저지예술인마을에 위치한 현대미술관이에요!
제주에 갈때마다 들려서 산책하는 곳인데요
미술관 안에서본 풍경과 길을 걸으며 여유를 즐기기 좋은 장소에요!
북적거리는 여느 관광지와는 조금 다른 곳을 느끼고 싶다면 감성로드 현대미술관으로 가보세요!^^",[]
12,제주현대미술관,외관 실내 아름다움,[]
13,제주현대미술관,,[]
14,제주현대미술관,제주 저지리에서 문화예술을 한껏 즐길 수 있는 공간은 바로 제주현대미술관.,[]
15,제주현대미술관,,[]
16,제주현대미술관,,[]
0,관음사,,[]
1,관음사,#제주관음사#제주여름여행#제주불상#제주여름여행#관음사의여름#제주도여행가볼만한곳#제주여행볼만한곳,"['#제주관음사', '#제주여름여행', '#제주불상', '#제주여름여행', '#관음사의여름', '#제주도여행가볼만한곳', '#제주여행볼만한곳']"
2,관음사,#제주겨울 #관음사 #108기불상 #삼나무길 #은행나무,"['#제주겨울', '#관음사', '#108기불상', '#삼나무길', '#은행나무']"
3,관음사,#관음사 #사찰 #43유적,"['#관음사', '#사찰', '#43유적']"
4,관음사,#관음사 #부처님오신날,"['#관음사', '#부처님오신날']"
5,관음사,#관음사 #부처님오신날,"['#관음사', '#부처님오신날']"
6,관음사,#관음사 #부처님오신날,"['#관음사', '#부처님오신날']"
7,관음사,#관음사 #부처님오신날,"['#관음사', '#부처님오신날']"
8,관음사,#관음사 #부처님오신날,"['#관음사', '#부처님오신날']"
9,관음사,#관음사 #부처님오신날,"['#관음사', '#부처님오신날']"
10,관음사,#관음사 #부처님오신날,"['#관음사', '#부처님오신날']"
11,관음사,고즈넉한 아름다움. 관음사 눈덮힌 날,[]
12,관음사,#제주도여행 #관음사,"['#제주도여행', '#관음사']"
13,관음사,한라산과 너무도 어울리는 관음사,[]
14,관음사,5월의 싱그러운 푸르름을 뒷배경으로 한 관음사 입구.,[]
15,관음사,관음사,[]
0,산방굴사,제주여행첫날-비행기놓치고- 제주여행둘째날-트렁크잠기고- 또어떤일이생길지-불안하고-무섭고-힘들때찾았던-산방굴사- 불안하고-두렵던내마음에- 안정과편안을남겨주었습니다-,"['##산방굴사#약수가명약#부처님의은덕', '##여행은지금부터', '##산방굴사#약수가명약#부처님은덕#여행은지금부터']"
1,산방굴사,산방산 산방굴사 위에 산방굴사를 내려다 보는듯한 사람형상의 바위가 있네요.. 몸의 상반신을 빼꼼이 내밀어 산방굴사를 내려다 보는것 같네요... 부처님이 산방굴사를 내려다 보는 것 같습니다..신기하네요.....,"['#산방산', '#산방굴사', '#사계리산방산', '#산방굴사부처바위']"
2,산방굴사,우연히 발견한 곳인데 완전 운 좋았다 생각했던 기억이 납니다. 여행의 기쁨 중 하나는 생각지 못한 보물을 발견했을 때!,[]
3,산방굴사,#산방산 #산방굴사 #용머리해안,"['#산방산', '#산방굴사', '#용머리해안']"
4,산방굴사,제주도 한라산 보다 먼저 생겼다는 산방산 볼때마다 나름 웅장하다 허지만 건국설화 제주신화 이야기에 나오는 재미난 얘기를 해보면 제주에 아주큰 설문대 할망이 있었는데 은하수를 잡기위해 흙을 쌓다보니 너무 높게 쌓아서 툭쳐버린 한라산 머리 가 떨어져 나가 생긴곳의 이름이 산방산 이라고 한다 ㅎㅎ 현재 지질학자의 들의 과학적 얘기로는 한라산 보다 먼저 생겨나 아주 오래된 산이라고 한다,[]
5,산방굴사,#제주#마늘#마농#풍작#삼촌들#구슬땀,"['#제주', '#마늘', '#마농', '#풍작', '#삼촌들', '#구슬땀']"
6,산방굴사,#제주의가을 #산방산,"['#제주의가을', '#산방산']"
7,산방굴사,"제주의 또다른 상징 산방산-오직 제주 여행에서만 만날수 있는 곳이죠
#제주도 #대정 #단산 #산방산 #한라산 #군산 #논오름 #제주상징 #제주여행 #산방굴사","['#제주도', '#대정', '#단산', '#산방산', '#한라산', '#군산', '#논오름', '#제주상징', '#제주여행', '#산방굴사']"
8,산방굴사,"#첫여행<br>#산방굴사<br>#용머리해안<br>지금 와이프와 결혼전 떠난 제주도 2박3일 여행중 마지막날에 갔던 용머리해안 인근 산방굴사라는 절이 있는곳입니다.<br>날씨가 무척더웠는데 산방굴사에 올라 바라본 제주의 바다는 참 아름다웠어요. 갈 기회가 언제 또 있을지는 모르겠지만 아이와 함께 꼭 가보고 싶습니다 ^^

제주특별자치도 서귀포시 안덕면 산방로 218-13","['#첫여행', '#산방굴사', '#용머리해안']"
9,산방굴사,"제주도착 후 첫번째 코스, 노란 유채꽃에 마음도 봄봄",[]
10,산방굴사,"산위에서 바라보는 경치와
큰불상이 한눈에보이는",[]
11,산방굴사,가족여행 즐거운 하루 ᆢ,[]
12,산방굴사,"버스에서 내려 푸른 하늘을 뒤로 한, 우뚝 솟은 산방산을 마주했을 때의 첫 느낌이 기억납니다.",[]
13,산방굴사,산방산사 에서,[]
14,산방굴사,새해 새다짐,[]
15,산방굴사,여행은 추억과 사진을 남기고..,[]
0,혼인지,혼인지 수국,"['#혼인지', '#수국', '#혼인지수국']"
1,혼인지,#제주도 #제주도여행 #제주도수국 #혼인지#혼인지마을 #수국수국,"['#제주도', '#제주도여행', '#제주도수국', '#혼인지', '#혼인지마을', '#수국수국']"
2,혼인지,#제주 겨울 #혼인지,"['#제주', '#혼인지']"
3,혼인지,,[]
4,혼인지,#친구결혼식#혼인지#조용하고여유로운곳#역사적의미가있는곳,"['#친구결혼식', '#혼인지', '#조용하고여유로운곳', '#역사적의미가있는곳']"
5,혼인지,#사랑하는 #사람과 #한달간 #제주살기 #혼인지 #커플이라면꼭가야하는곳 #강추,"['#사랑하는', '#사람과', '#한달간', '#제주살기', '#혼인지', '#커플이라면꼭가야하는곳', '#강추']"
6,혼인지,,[]
7,혼인지,,[]
8,혼인지,,[]
9,혼인지,"제주의 역사의 장소 중 한곳이지만
위치가 좋은편이 아니기에
기대를 하고 가면 이게 다야? 하고 실망을 할수도 있을만큼 작습니다

하지만 제주를 알아가는 관점에서 본다면 의미있는 장소이기에
제주에 대해 알고 싶은분이라면 들려도 좋을것 같습니다.",[]
10,혼인지,혼인지는 조용한 곳이에요 ! 사랑하는 사람과 가면 사진찍기 참 좋구요 ^^ 가을에 가시면 라벤더 꽃이 피어 있어서 더 눈길을 사로 잡아요~,[]
11,혼인지,"혼인지는 사랑하는 사람과 꼭 한번 방문해 보세요.
관광객도 많이 없어서 너무 조용하고 좋답니다 ^^",[]
12,혼인지,,[]
13,혼인지,혼인지,[]
14,혼인지,"큰 관광지가 아닌데다가 비까지 와서그런지 관광객은 엄마와 나 둘뿐이였다.
입장료도 없고, 일하시는 분들까지 친절해서 충분히 올만한 가치가 있는 장소다.
잔잔하고 맑고 신비로운 느낌이 차분하게 만들면서 많은 생각들을 정리할 수 있는 장소!",[]
0,삼성혈,"#제주 #제주가을 #삼성혈 을 가서 신비로운 기운을 느꼈습니다.
단풍져가는 풍경을 #어반스케치 했습니다.","['#제주', '#제주가을', '#삼성혈', '#어반스케치']"
1,삼성혈,"#제주 #삼성혈 #어반스케치 #여행스케치
신비로운 기운이 서린 장소였습니다.","['#제주', '#삼성혈', '#어반스케치', '#여행스케치']"
2,삼성혈,"제주의 옛설화
삼성혈이야기",[]
3,삼성혈,#삼성혈,['#삼성혈']
4,삼성혈,삼성혈 벚꽃 고즈넉,[]
5,삼성혈,,[]
6,삼성혈,"고씨 양씨 부씨가 뿌리내린 제주 탐라국 ~
나의 선조가 시작된곳이라 그런가 처음방문해봤지만
낯설지 않고 평화로운곳이다",[]
7,삼성혈,민속자연사박물관 갔다가 가까워서 들렀어요. 몇 백년된 소나무가 정말 좋았어요. 고양부 와 세 공주가 만나 제주도를 부흥시켰다니 그 삼성혈 구멍이 신비하게 느껴졌어요. 제주도의 시작을 보았다고나 할까 입장료가 민속박물관 보다 비싸서 조금 당황했지만 아주 유익했어요.,[]
8,삼성혈,#제주도#삼성혈,"['#제주도', '#삼성혈']"
9,삼성혈,"제주시를 거닐다
우연히 발견했던
이름 모를 감자탕집 대문",[]
10,삼성혈,제주부족의 시작. 삼성혈에서,[]
11,삼성혈,삼성혈에서 시원한 여름을~ 그때가 그립네요~ ㅎㅎㅎ,[]
12,삼성혈,친구들과 함께한싱싱한 해물탕,[]
13,삼성혈,,[]
0,제주목관아,"우리 아이가 가장 좋아하는 곳, 목관아^^
목관아의 하늘은 유난히 푸르다",[]
1,제주목관아,"#겨울제주 #제주목관아 #관덕정
제주의 과거와 현재를 엿볼수 있는 제주 목관아
입춘굿이 열리던 날은 정말 추웠지만 의미있는 굿판에 많은 사람들이 참여하고
흥겨운 행사가 많아서 정말 좋았습니다
앞으로도 많은 분들이 참여하는 세계적인 축제가 되었으면 좋겠습니다","['#겨울제주', '#제주목관아', '#관덕정']"
2,제주목관아,"조선시대 제주 지방 통치의 중심지였던 제주목 관아는 지금의 제주 관덕정(보물 제322호)을 포함하는 주변 일대 주요 관아시설이 자리하였던 곳으로 탐라국 이래 조선시대에 이르기까지 제주의 정치·행정·문화의 중심지 역할을 해왔던 이 곳을 원래의 양식으로 복구하고자, 1991년부터 1998년까지 4차례 발굴조사를 마친 결과, 탐라시대부터 조선시대에 이르기까지의 여러 문화층과 함께 문헌상에 나타난 중심 건물인 홍화각·연희각·우련당·귤림당 등의 건물터와 유구가 확인되고 유물도 출토됨.",[]
3,제주목관아,#사또,['#사또']
4,제주목관아,,[]
5,제주목관아,#관덕정#제주목관아#진짜하르방#제주에오면꼭들르세요#붐비지않아서좋아요#귤나무도많아요,"['#관덕정', '#제주목관아', '#진짜하르방', '#제주에오면꼭들르세요', '#붐비지않아서좋아요', '#귤나무도많아요']"
6,제주목관아,#제주목관아 #나의문화유산답사기 #제주여행,"['#제주목관아', '#나의문화유산답사기', '#제주여행']"
7,제주목관아,"빛의 씨앗을 품고 그 소망을 기원하는 #입춘굿
한해의 안녕을 빌고 모두의 염원을 모우는 #제주목관아 에사의 전통 문화행사는 관광객인 저에게 신선함을 주었습니다. ^^ 굿 뿐만 아니라 다양하고 저렴한 체험으로 제주를 더 이해하는데 도움을 받았네요. 고기국수도 참 맛있게 먹었구요, 다시 가고픈 제주입니다.","['#입춘굿', '#제주목관아']"
8,제주목관아,,[]
9,제주목관아,,[]
10,제주목관아,,[]
11,제주목관아,,[]
0,북촌돌하르방미술관,북촌돌하르방공원은 아이의 상상력을 자극할 수 있는 곳이죠. 사진찍을 곳이 너무 많고 시간가는 줄 모를거에요. 돌색깔들이 마음을 차분하게 만들어주는 이 곳. 꼭 가보세요.,"['#제주컬러어택', '#북촌돌하르방공원', '#돌하르방']"
1,북촌돌하르방미술관,돌하르방,[]
2,북촌돌하르방미술관,"지난주에 가족들과 제주도 여행을 다녀왔습니다.
저희 가족은 #돌하르방공원 을 다녀왔는데요.
입구에 #돌하르방 전신이 저희를 반겨 주더라고요.
좀 더 가보니 #돌하르방 그림그리는 모형도 있고요.
#꽃 을 든 #돌하르방도 있더라고요.
정말 추억이 가득했던 제주도 여행 이였습니다.","['#돌하르방공원', '#돌하르방', '#돌하르방', '#꽃', '#돌하르방도']"
3,북촌돌하르방미술관,다양한 하르방들이 자연과어우려져있는 재미있고 볼거리많은 하르방공원,[]
4,북촌돌하르방미술관,#북촌돌하르방공원#제주,"['#북촌돌하르방공원', '#제주']"
5,북촌돌하르방미술관,#돌하르방공원 #제주,"['#돌하르방공원', '#제주']"
6,북촌돌하르방미술관,재밌고놀라운경험,[]
7,북촌돌하르방미술관,제주도 돌하르방,[]
8,북촌돌하르방미술관,,[]
9,북촌돌하르방미술관,,[]
10,북촌돌하르방미술관,제주하면 떠오르는 단어~제주 지킴이! 수호천사 돌하르방^^ 조천읍 북촌리에 돌하르방 공원 가면 다양한 얼굴을 하고 방문해준 님들이 반가워 하트뿅뿅 날려주는 하르방을 만날 수 있다!,[]
0,마라도성당,"가족들과 함께 아름다운 제주의 가을을 느끼고 왔어요. 제주의 매력에 빠져 근래 제법 다녀와서 ‘이제 제주 볼 것은 다 봤다.’ 생각했는데 이번 여행에서 제주는 아직도 가봐야 할 곳이 많음을 깨닫고 왔죠. 교과서에서 지명으로 접하던 ‘마라도’를 실제로 가봤어요. 최남단 섬이라는 설명은 마라도의 아름다움을 설명하기에 턱없이 부족했어요. 벌써 가을빛이 든 갈대들, 내륙에서 보지 못하던 힘찬 파도, 유독 높고 푸른 제주의 가을 하늘!💙 가는 길은 뱃멀미로 힘들었지만 그 피로를 한 번에 가시게 하는 멋진 곳이었답니다. 가을에 제주를 방문한 것은 처음이었는데, 유독 더 파랗고 높았던 제주의 가을 하늘은 오래도록 잊지 못할 것 같아요. 모두 아름다운 가을 제주와 행복한 여행 되세요!😊✈️","['#제주가을', '#마라도', '#제주바다']"
1,마라도성당,#제주여행 #마라도 #가을제주 #억새 #마라도성당 #짜장면시키신분 #마라도의가을 #역시제주 #아이러브제주,"['#제주여행', '#마라도', '#가을제주', '#억새', '#마라도성당', '#짜장면시키신분', '#마라도의가을', '#역시제주', '#아이러브제주']"
2,마라도성당,마라도 성당! 마치 동화속에 나오는 상상의 장소같이 아름답고 이뻤던 곳! 마음이 깨끗해지는 느낌이었어요 ^^,[]
3,마라도성당,"그 멀리에도 외롭고, 아프고 가난함과 때론 무심함 조차도 받아주는 무엇이 있다.
그 풍경속에는 너도 나도 기대고 위로받아도 될듯하다.",[]
4,마라도성당,"#마라도
#탁트인 하늘 아래 섬 하나
#최남단 섬","['#마라도', '#탁트인', '#최남단']"
5,마라도성당,날씨좋은날의 마라도는 그림같네요.,[]
6,마라도성당,"흐린 날씨지만, 좋은 추억으로 마음만은 맑았던^^",[]
7,마라도성당,사실마라도는별기대없이갔는데너무좋았던한적하고여유롭고시간제한이있어서살짝아쉬웠지만...,[]
8,마라도성당,예쁜 섬에 어울리는 성당,[]
9,마라도성당,이질적이지 않고 너무 멋지게 어우러지는 성당입니다.,[]
0,낙천리아홉굿의자마을,#제주낙천#낙천아홉굿마을 #제주밭담 #봄 #유채꽃 #올레길13코스중,"['#제주낙천', '#낙천아홉굿마을', '#제주밭담', '#봄', '#유채꽃', '#올레길13코스중']"
1,낙천리아홉굿의자마을,,[]
2,낙천리아홉굿의자마을,,[]
3,낙천리아홉굿의자마을,,[]
4,낙천리아홉굿의자마을,"제주특별자치도 제주시 한경면 낙수로 97에 위치한 제주의 농촌전통테마마을입니다. 이름처럼 의자를 주제로 한 설치미술과 다양한 체험시설들이 많은데요, 아이들도 어른들도 모두 좋아할 곳입니다. 특히 이곳에서 많이나는 농작물인 보리를 이용한 음식 체험 프로그램도 제공되니까요, 미리 홈페이지 (http://ninegood.go2vil.org) 에서 확인 예약후에 방문하는 것이 좋습니다.",[]
5,낙천리아홉굿의자마을,,[]
6,낙천리아홉굿의자마을,,[]
7,낙천리아홉굿의자마을,작년 겨울 아홉굿의자마을이라는곳에 캠프를 간적이 있었어요! 의자들도 이쁘고 많았지만 강당을 가는길에 보았던 큰나무 앞에서 한장😁,[]
0,전농로 서사라문화거리,#벚꽃 #봄봄봄,"['#벚꽃', '#봄봄봄']"
1,전농로 서사라문화거리,#벚꽃 #전농로,"['#벚꽃', '#전농로']"
2,전농로 서사라문화거리,#제주왕벚꽃축제 #서사라문화거리 #벚꽃,"['#제주왕벚꽃축제', '#서사라문화거리', '#벚꽃']"
3,전농로 서사라문화거리,"#벚꽃축제 #필수방문코스
#제주의 벚꽃길 #전농로의 봄","['#벚꽃축제', '#필수방문코스', '#제주의', '#전농로의']"
4,전농로 서사라문화거리,#제주왕벚꽃축제#전농로벚꽃길,"['#제주왕벚꽃축제', '#전농로벚꽃길']"
5,전농로 서사라문화거리,#서사라벚꽃축제 #벚꽃 #제주벚꽃 #전농로 #서사라문화거리 #벚꽃길 #예쁘다,"['#서사라벚꽃축제', '#벚꽃', '#제주벚꽃', '#전농로', '#서사라문화거리', '#벚꽃길', '#예쁘다']"
6,전농로 서사라문화거리,#제주 벚꽃#제주전농로,"['#제주', '#제주전농로']"
7,전농로 서사라문화거리,#벚꽃축제#제주 전농로,"['#벚꽃축제', '#제주']"
0,제주도립김창열미술관,가을에 추억을 방울방울 담을 수 있는 공간입니다. 10월6일까지 입장객 선착순 5팀에게 폴라이이드 촬영을 할 수 있는 카메라와 필름10장이 제공된답니다. 넘 매력있는 이벤트와 김창렬의 물방울 그림! 이 가을에 꼭 만나보세요.,"['#추억은방울방울', '#김창열미술관', '#물방울그림']"
1,제주도립김창열미술관,"날씨가 좀 흐렸던날, 실내 관광지로늘 미술관이 괜찮지 않을까? 그래서 찾아본 미술관이 이곳 김창열미술관이다. 물방울 화백이라 불리우는 김창열 화백님의 기증을 통해 이루워진 곳이다. 그래서 그런지는 모르겠지만 입장료는 저렴하다. 안내원님도 계시니 문의 후 같이 동행해도 좋을 듯 싶다.","['#5월엔제주', '#김창열미술관', '#미술관', '#비오는날', '#실내관광', '#그림', '#저지리', '#화가', '#실내']"
2,제주도립김창열미술관,#제주도립미술관,['#제주도립미술관']
3,제주도립김창열미술관,#김창열 #김창열미술관,"['#김창열', '#김창열미술관']"
4,제주도립김창열미술관,구조가 너무 이쁜 김창열 미술관,[]
5,제주도립김창열미술관,,[]
6,제주도립김창열미술관,,[]
7,제주도립김창열미술관,,[]
0,김녕금속공예벽화마을,#게스트하우스 #첫친구 #올레20코스 #일몰,"['#게스트하우스', '#첫친구', '#올레20코스', '#일몰']"
1,김녕금속공예벽화마을,금속공예로장식된이쁜벽화들이가득했던,[]
2,김녕금속공예벽화마을,,[]
3,김녕금속공예벽화마을,다양한 금속공예들이 있는 마을~^^,[]
4,김녕금속공예벽화마을,"김녕금속공예마을~
기사를 보고 5월에 가보려 했으나 제주도민 분들도 어딘지 몰라서 못 갔던 곳. 10월에 다시 도전.
김녕성세기해변 근처에 있네요.
벽화마을은 흔하지만 여긴 금속공예라 느낌이 또 달라요~^^
바닷가 마을이라 추울때 걸어다니려면 힘들어요",[]
5,김녕금속공예벽화마을,,[]
6,김녕금속공예벽화마을,"김녕금속공예벽화마을은 마을 곳곳에 철근을 활용한 벽화가 있는 마을로, 해안 절경과 마을 사람들의 삶을 함께 볼 수 있는 곳입니다",[]
0,서귀포천문과학문화관,#서귀포천문과학문화관 #서귀포 #과학문화관,"['#서귀포천문과학문화관', '#서귀포', '#과학문화관']"
1,서귀포천문과학문화관,6월 목성과 4대 위성 관찰하기 제주의 밤하늘을 보고 싶다면 이곳으로...,"['#여름', '#체험', '#가족', '#가족여행', '#별구경', '#밤여행', '#노인성']"
2,서귀포천문과학문화관,#서귀포천문과학문화관 #천문대 #별관측 #망원경 #플라넷타리움,"['#서귀포천문과학문화관', '#천문대', '#별관측', '#망원경', '#플라넷타리움']"
3,서귀포천문과학문화관,#제주 별을 보는 곳,['#제주']
4,서귀포천문과학문화관,"해, 달, 별 등 관측하고
천체투영관에서 재미난 영상을 볼수 있는곳.
현재는 입장료 무료!",[]
5,서귀포천문과학문화관,"잘못 진입해서 폐교된 탐라대에 들어갔더니 괜시리 겁이났습니다.

제주에 와서 별을 보는것도 나쁘지 않을것 같아요

관측을 할수 없더라도, 별자리책갈피 만들기등(제가 갔었을때 했었던것-다를수도 있습니다)
다양한 활동도 참여 해보세요^^",[]
6,서귀포천문과학문화관,,[]
0,저지 예술인 마을,제주 저지리에 위치한 저지 예술인의 마을에서 황토를 모아보다.,"['#제주컬러어택', '#저지예술인마을', '#황토색', '#모음집', '#사진', '#추억', '#예술', '#제주', '#여행', '#가을']"
1,저지 예술인 마을,#저지리 #예술인마을 #기타,"['#저지리', '#예술인마을', '#기타']"
2,저지 예술인 마을,,[]
3,저지 예술인 마을,폐가도 예술작품이 되는 그곳,[]
4,저지 예술인 마을,,[]
5,저지 예술인 마을,,[]
6,저지 예술인 마을,,[]
0,두맹이골목,#귀엽다 #벽화,"['#귀엽다', '#벽화']"
1,두맹이골목,#두맹이골목#연인거리#벽화마을#공항근처,"['#두맹이골목', '#연인거리', '#벽화마을', '#공항근처']"
2,두맹이골목,#제주도 #두맹이골목 #추억한가득 #미로찾기같은벽화구경 #색감최고 #신상벽화 #동문시장도보10분,"['#제주도', '#두맹이골목', '#추억한가득', '#미로찾기같은벽화구경', '#색감최고', '#신상벽화', '#동문시장도보10분']"
3,두맹이골목,두맹이골목에서 아기자기한 제주 바다를 느껴보세요,[]
4,두맹이골목,"여유로왔던 제주여행을 뒤로하고, 돌아가는 공항편을 타기전 아쉬움에 두맹이 골목을 찾았다. 소소하지만, 작지 않은 마을의 분위기는 여타 인적없는 벽화마을과 달리, 주민들의 모습에 살아있는 느낌이 들었다.",[]
5,두맹이골목,두맹이골목에서는 사진 찍는 재미가 쏠쏠하다,[]
0,제주국제컨벤션센터 icc,제주 컨벤션센터를 중심으로 관광지가 어마어마하게 많다.걸어서도 갈수있는곳이 많으니 걸어서 가기를 추천합니다. 3시간정도면 될듯,"['#제주 컨벤션센터', '#제주도', '#제주여행']"
1,제주국제컨벤션센터 icc,쉽게 접해볼수 없는 그런 알바 #컨벤션알바,['#컨벤션알바']
2,제주국제컨벤션센터 icc,,[]
3,제주국제컨벤션센터 icc,제주관광공사 면세점이 위치한 중문 컨벤션센터입니다.,[]
4,제주국제컨벤션센터 icc,저 건물 속에 내국인 면세점이 있답니다. 쇼핑 즐겁게 하시길...,[]
5,제주국제컨벤션센터 icc,,[]
0,천왕사,#제주여행#제주천왕사#편백나무길#천왕사대웅전#제주폭설#한라산등산로통제#백록담등정실패#언제나백록담갈수있나,"['#제주여행', '#제주천왕사', '#편백나무길', '#천왕사대웅전', '#제주폭설', '#한라산등산로통제', '#백록담등정실패', '#언제나백록담갈수있나']"
1,천왕사,"#효리네민박 에서 나온 #천왕사 가는 길목이에요 눈이 올줄 모르고 찾아갔지만, #한라산 근처인지 눈이 내리더라구요! 그래서 생각지도 못한 #겨울제주 를 담을 수 있었어요. 하얀세상을 찍을 수 있을까 생각하고 간 제주도 였는데 변덕스러운 제주날씨가 참 고마웠던 하루였습니다.","['#효리네민박', '#천왕사', '#한라산', '#겨울제주']"
2,천왕사,"한라산자락의 경치가 좋은 아흔아홉골에 위치한 사찰
#천왕사 #사찰 #아흔아홉골","['#천왕사', '#사찰', '#아흔아홉골']"
3,천왕사,천왕사까지 들어가는 길이 너무 예뻐요! 알록달록 단풍과 함께 절에서 마음을 힐링하고 왔어요 ^^,[]
4,천왕사,"#천왕사,#천왕사가을,#아흔아홉골","['#천왕사', '#천왕사가을', '#아흔아홉골']"
5,천왕사,"#효리네민박 #제주사찰 #제주템플스테이 // 제주 같으면서도 제주같지 않은 오묘한 풍경... 풍경소리, 숲냄새, 향피우는 냄새 모두 인상적이었던 곳",[]
0,별방진,"조선시대 왜구들의 침입에 대비해 하도리에 만든 진지이다.
성곽이 잘 보존되어 있고 내부에서는 밭농사를 짓고 있다.
#별방진 #성곽 #왜구방어","['#별방진', '#성곽', '#왜구방어']"
1,별방진,#일상 #힐링 #추억 #제주 #제주여행 #구좌읍 #하도리 #별방진 #하도해변 #하도예뻬서 #예비부부 #웨딩촬영 #득템 #부럽,"['#일상', '#힐링', '#추억', '#제주', '#제주여행', '#구좌읍', '#하도리', '#별방진', '#하도해변', '#하도예뻬서', '#예비부부', '#웨딩촬영', '#득템', '#부럽']"
2,별방진,#별방진 #나의문화유산답사기,"['#별방진', '#나의문화유산답사기']"
3,별방진,별방진 앞 고요한 항구,[]
4,별방진,♥️우리가 사랑한 제주♥️,[]
0,순례자의교회,"수월봉을다녀오는길에 아홉굽의자마을을 거쳐서,내비가추천해준 작은교회..정말 혼자들어갈수밖에없는 좁은문을 지나입장...혼자 앉아서 기도하기참좋은곳....제주의 숨은 장소.알려지지않은곳이라 조용히 들여다보고왔담니다.....참 예쁘고,조용한곳이라좋았어요......",[]
1,순례자의교회,"우리나라에서 가장 작은 교회란다. 올레 13코스를 걷다보면 만날 수 있다. 좁은문을 통과해 들어가면 아기자기한 정원이 있고, 예배당 문을 열고 들어가면 두세명도 겨우 들어갈 만한 아늑한 공간이 나타난다. 크리스챤이 아니더라도 종교에 관계없이 경건한 마음으로 누구나 잠시 쉬었다 갈 수 있는 공간이 있음에 감사하는 기도를 해보면 어떨까. 사진찍으면 넘나 예쁘게 나오고 이곳에서 결혼식을 올리는 사람들도 있다고 한다.",[]
2,순례자의교회,연인과 함께 1인 교회인 순례자의 교회 앞에서,[]
3,순례자의교회,"세계에서 제일작은 교회라고한다.
한명만 들어가서 기도를 하고 나올수 있는 곳
서귀포에있다",[]
4,순례자의교회,,[]
0,아라리오뮤지엄탑동시네마,#JEJU #제주 #아라리오뮤지엄 #산지천 #박물관 #남자친구 #휴가 #군인 #복귀 #추억 #이도1동 #이도2동 #동문시장 #사랑해,"['#JEJU', '#제주', '#아라리오뮤지엄', '#산지천', '#박물관', '#남자친구', '#휴가', '#군인', '#복귀', '#추억', '#이도1동', '#이도2동', '#동문시장', '#사랑해']"
1,아라리오뮤지엄탑동시네마,#아라리오뮤지엄 #갤러리,"['#아라리오뮤지엄', '#갤러리']"
2,아라리오뮤지엄탑동시네마,"기존의 갤러리공간틀을 벗어난 획기적인곳!!!<br>세계적인 작품을 만날수있는 아라리요!!!! 꼭 들려보세요
#갤러리#미술관#탑동#아라리요","['#갤러리', '#미술관', '#탑동', '#아라리요']"
3,아라리오뮤지엄탑동시네마,충격적이었던 공간,[]
4,아라리오뮤지엄탑동시네마,,[]
0,송당본향당,#송당상회본향당소원나무#제주여행 #송당#송당상회,"['#송당상회본향당소원나무', '#제주여행', '#송당', '#송당상회']"
1,송당본향당,"송당 본향당은 소천국과 금백주가 혼인하여 아들 18명, 딸 28명을 낳고 그 아래 손자들이 번성하였는데, 이 분을 모신 당이다. 자손들은 제주도의 각 마을에 흩어져 각각 본향당신이 되었다.
당제는 음력 1월 13일에 대제(大祭), 2월 13일에 영등손맞이, 7월 13일에 마불림제, 10월 13일에 시만국대제를 지내는데, 이들 제일 때에 신의를 내걸어 굿을 한다.",[]
2,송당본향당,"신들의 고향 송당. 이곳 송당 본향당은 소천국과 금백주가 혼인하여 아들 18명, 딸 28명을 낳고 그 아래 손자들이 번성하였는데, 이 자손들이 제주도의 각 마을에 흩어져 각각 본향당신이 되었다. 제일(祭日)은 음력 1월 13일에 대제(大祭), 2월 13일에 영등손맞이, 7월 13일에 마불림제, 10월 13일에 시만국대제를 지내는데, 이들 제일 때에 신의를 내걸어 굿을 한다.",[]
3,송당본향당,제주시 구좌읍 송당리에 있는 본향당. 제주도 본향신의 원조라고 전해진다.,[]
0,제주추사관,"추사 김정희의 글과 그림등 작품을 모아 놓은 박물관으로 추사 거적지에 위치한다.
#추사 #제주추사관 #추사거적지 #추사유배지 #박물관","['#추사', '#제주추사관', '#추사거적지', '#추사유배지', '#박물관']"
1,제주추사관,"돌담이아주예쁘게 싸여져있었던 추사관....옆으로는 주차장....사람들이 그이 없었음 입장료도 시에서 운영하는거라 500원입니다.....추사관건물도둘러보고 유배지도둘러보면서 한적하게 구경할수있었어좋았습니다.
이번6월11일 초등학교다니는 조카둘데리고...교육차원에서라도 꼭다시가고픈솟입니다
이중섭미술관도좋아서 그곳도 둘러보려구요.....이중섭미술관은 입장료가 없었던것같아요 생가도 그데로 복원되어 있었구요...제주 참좋은곳입니다",[]
2,제주추사관,"모슬포,사계,산방산 일대를 계획하고 있다면 추사관과 김정희 유배지를 둘러보는 것도 좋을 듯.",[]
3,제주추사관,,[]
0,김만덕객주,너무 많은 걸 기대 안하면 괜춘 생각보다 집은 소소하고요 음식은 음 뭐 괜찮은 거 같기도 하고 아닌거 같기도 하고 아랫분 말대로 찬은 괜찮게 나와요 고전적 분위기가 좋아서 한번쯤 들를만 한듯여,"['#여름', '#혼자', '#힐링']"
1,김만덕객주,너무맛있어서 눈물 날뻔했어요 ㅜ.ㅜ! 한라산 오르고 막걸리 마시려고 갔는데 세상에~~~~~~ 기본안주부터 진짜 너무 맛있었어요!!! 분위기도 옛날 집처럼 만들어놔서 막걸리가 술술 들어가요~~!!! ㅋㅋ 꼭 방문해보세용~,"['#막걸리', '#으아', '#맛있어', '#김만덕객주', '#맨날가고싶다']"
2,김만덕객주,"친구와 김만덕객주에 파전에 막걸리 먹으러 다녀왔어요~~ 초가집으로 인테리어가 되어있어서 그런지 막걸리가 더 맛있었어요 ^^! 너무 친절하시고, 맛도 있고~ 다음번 제주여행때 꼭 재방문할꺼에요","['#제주', '#막걸리', '#김만덕', '#객주']"
0,대한민국최남단기념비/ 마라도 기념비,아들하고 나하고#마라도 여행#짜장면 먹으러 간당#분위기 끝내주는 마라도,"['#마라도', '#짜장면', '#분위기']"
1,대한민국최남단기념비/ 마라도 기념비,"아이들에게 우리나라 동쪽의 끝섬 독도 남쪽의 끝섬 마라도 서쪽의 끝섬 어청도를 3년에 걸처 다녀왔다
가장 행복한 시간은 제주에서의 시간들 독도는 우리나라의 영토라는 의미를 알려주고 싶었고 마라도는 가족들과의 행복한 시간 이었다
꼭 다시 가고 싶다
제주도 가다려라 울 가족이 다시간다
다음엔 한라산이다",[]
2,대한민국최남단기념비/ 마라도 기념비,바람이 엄청불어서 머리가 엉망이지만 그래도 엄마랑 한컷:) 한장:),[]
0,명월성지,"그냥제주는모든게좋다

#비양도가보이는곳#명월성지#제주여행#JS_Jeju","['#비양도가보이는곳', '#명월성지', '#제주여행', '#JS']"
1,명월성지,,[]
2,명월성지,,[]
0,제주 삼양동 유적,#제주삼양동유적지 넘 좋았던 여행지,[]
1,제주 삼양동 유적,#삼양동유적,['#삼양동유적']
2,제주 삼양동 유적,삼양동 선사유적지,[]
0,제주세계자연유산센터,"제주를 알려면 우선 이 곳 부터 가보길 추천함. 이 곳은 대한민국에서 유일한 유네스코 세계자연유산으로서의 가치를 널리 알리기 위해 조성됨. 제주도 탄생과정과 직접 가 볼 수 없는 용암동굴 등 교과서에 실린 세계자연유산 제주를 직접 체험해 볼 수 있는 학습장으로 4D영상관을 통해 제주의 환상적인 자연을 온몸으로 느껴볼 수도 있음. 그리고 거문오름은 사전예약제로 당일탐방이 불가함으로 이 곳을 통해 예약해야하며, 탐방안내소에서 출입증을 받고 해설사 안내에 따라서만 탐방이 가능하니 참고하시길",[]
1,제주세계자연유산센터,#거문오름 근처에 볼꺼리 풍성한 #세계자연유산센터 ~^^,"['#거문오름', '#세계자연유산센터']"
2,제주세계자연유산센터,#제주세계자연유산센터#제주도필수코스#제주도꼭가봐야할곳,"['#제주세계자연유산센터', '#제주도필수코스', '#제주도꼭가봐야할곳']"
0,법화사지,조용한 사찰,[]
1,법화사지,법화사지 구화루,[]
0,산천단,"#제주한복체험 #산천단 #제주에서한복입고놀기
#제주한복담 에서 한복 대여하고 제주에서 놀기
#저렴한가겨 으로 대여할 수 있어서 즐겁고 의미있는 시간이었다.","['#제주한복체험', '#산천단', '#제주에서한복입고놀기', '#제주한복담', '#저렴한가겨']"
1,산천단,어릴적 들었던 산천단.. 아버지께서 아라동에서 태어나 유년기에 이곳에 와 자주 놀았다 한다. 4.3사태때 나타나지 않으신 할아버지를 여기서 기다리고 또 기다리고...이곳에 부친과 함께 갔을때 아버지는 아버지의 아버지를 또한번 기다리시는듯 1시간이상을 머무르셨다. 하늘에 제를 지내는곳이라고 마음속 그리움에 대한 제를 올리셨던건 아닐까....이곳을 아버지는 내가 성인이 되어서야 같이 가보자 하셨다. 그만큼 아프고 감추고싶은 마음이 있었기 때문이었으리라....,[]
0,약천사 템플스테이,또 가고싶어요,"['#템플스테이', '#약천사', '#재방문']"
1,약천사 템플스테이,#약천사 #이국적 #템플스테이의꽃 #새벽예불 #외국인친구사귀러갔더니 #날짜가안맞아 #나혼자 #템플스테이,"['#약천사', '#이국적', '#템플스테이의꽃', '#새벽예불', '#외국인친구사귀러갔더니', '#날짜가안맞아', '#나혼자', '#템플스테이']"
0,추사적거지,"추사 김정희가 제주에서 유배당했을때 생활하던 곳
#추사유배지 #추사거적지 #추사 #김정희","['#추사유배지', '#추사거적지', '#추사', '#김정희']"
1,추사적거지,,[]
0,하멜기념비,우리나라와 네덜란드 사이에 이런 역사가 있었다니 신선했습니다 #하멜기념비,[]
1,하멜기념비,,[]
0,귀덕연대,거북이등대입니다,[]
0,귀빈사,"이승만 초대 대통령 시절 제주도에 지어진 대통령 별장 귀빈사(貴賓舍). 현재는 송당의 평화로운 목장 가운데 있어서 차분한 분위기를 가지고 있습니다. 유독 제주의 풍경사진을 찍는 사람들에게 알려져 있었으나, 요새에는 대중들에게도 조금씩 인기를 끌고 있습니다. 출입이 제한되어 있어서 풀이 무성하지만, 50여년의 역사 자원인 만큼 가옥과 고목의 분위기에 압도되는 듯한 느낌을 받습니다. 귀빈사는 지난 2003년 4월 근대 문화재로 지정, 등록문화재로 인정받은 바 있습니다.",[]
0,김만덕기념관,"제주하면 떠오르는 것~ 나눔, 실천, 도전, 의녀, 나눔을 실천한 세상을 밝힌 사람들.....시간마다 해설사 안내를 받을 수 있어 좋은 것 같다. 많은 사람들이 김만덕념관을 방문하면 좋겠다! 제주시내에 위치해있어 공항가기전 잠깐이라도 들려보자!",[]
0,대정향교,,[]
0,더 플래닛(THE PLANET),아이 데리고 가기 정말 좋아요! 멸종 위기에 관한 전시 내용도 유익하고 아이들이 알기 쉽게 설명해 주셔서 너무 좋았어요~ 체험도 많고 책도 많아서 하루 종일 시간 보내다 왔네요ㅎㅎ,"['#힐링', '#체험', '#가족여행', '#가족', '#친구', '#애인']"
0,무등이왓터,#제주4·3 #무등이왓 #영화_지슬_배경 #4·3유적지 #국가폭력 #기억하겠습니다,"['#제주4', '#무등이왓', '#영화', '#4', '#국가폭력', '#기억하겠습니다']"
0,발자국화석공원,#발자국화석공원 붉은 바닥 위이 펼쳐진 옛 조상과 동물의 발자국이 궁금했는데 아쉽게 직접 볼 순 없더라구요. 그래도 그 옆에 자전거 도로도 그렇고 해안 길이 잘 되어있어서 산책하기 좋았아요.,['#발자국화석공원']
0,산천단곰솔,제주에 오면 가장 먼저 인사드리러 오는 곳,[]
0,서복전시관,,[]
0,선흘1리,제주겨울여행,"['#선흘', '#제주컬러어택', '##제주', '#제주여행', '#제주도여행', '#제주겨울여행']"
0,성김대건신부표착기념관,천주교 김대건신부와 제주 천주교 정착을 알 수 있는 성지,[]
0,와흘본향당,"송당 백주또 본향신의 11번째 아들인 백조도령과 그의 처신을 모신 곳이다. 이 당에서는 1년에 두 차례 당굿을 크게 벌인다. 음력 정월 14일에 신과세제, 7월 14일에 마불림제를 한다.",[]
0,왈종미술관,좋아요,[]
0,용수항,제주 서부 해안로 따라 가다 저녁노을이 너무너무멋져 한컷~,[]
0,제주성지,제주에도 이런 성곽이 있었더라구요,[]
0,제주항일기념관,"우리가족박물관탐방 제주에서6
우리 가족은 매년 국립중앙박물관에서 개최하는 우리가족박물관 탐방 행사에 참여하고 있습니다.
그래서 제주도는 매년 찾고 있지요.
제주에는 많은 다양한 박물관이 있습니다.
그래서 우리 가족에게는 더욱 더 의미있는 곳이지요.
다양한 박물관을 탐방하면서 우리 가족은 함께 즐겁고 재미있는 시간을 보내지요.",[]
0,제주향교,#고풍스러운 느낌! #옛느낌이 가득!,"['#고풍스러운', '#옛느낌이']"
0,평화통일 불사리탑,용두암에서 월정리까지 자전거 여행 중에 잠시 들렀습니다. 경내를 다 둘러보진 못했지만 아주 이국적이에요. 조천읍 전경을 둘러 볼 수 있어요.,"['#봄', '#레포츠', '#혼자', '#자전거여행']"
0,포도갤러리 in 포도호텔,"우동으로 유명한 포도호텔에서 포도갤러리가 오픈되서 가보니,
포도호텔 자체만으로도 건축작품의 주변 풍광에 산책만 해도 힐링이 되는 곳이 었습니다.
포도호텔 지하에 갤러리가 있고 무료여서 눈치 안보고 둘러볼 수 있고 갤러리 공간도 편안히 조용하게 둘러볼 수 있어서
충분한 작품 감상을 할 수 있는 공간 이었습니다.

추천할께요!! 제주의 작품을 볼 수 있는 갤러리 구경에 왕새우튀김우동 한 그릇까지 하면
요즘 말하는 일상 속 소확행 이 아닐듯 싶습니다. ^^",[]
0,프랑스샤르망,"프랑스샤르망/ 제주프랑스문화원에서 프랑스박물관의 명칭이며, 미술품, 예술품, 공통품,등 19세기 좌우의 엔틱물건을 전시하고 있다.",[]
0,화북비석거리,화북쪽 벚꽃거리!!,[]
