,name,address
1897688,제주김만복성산점,"제주특별자치도 서귀포시 성산읍 성산등용로17번길 55, 1층 108호"
1900504,미르봉봉키즈빌,"제주특별자치도 서귀포시 서호중로 86, 2층 (서호동)"
1900508,빽다방서귀포시청점,"제주특별자치도 서귀포시 중앙로 109, 1층 (서홍동)"
1900536,랍다:즐겁다,"제주특별자치도 서귀포시 태평로 34-17, 2층 (호근동)"
1900547,제이아일랜드,"제주특별자치도 서귀포시 성산읍 환해장성로 69, 1층"
1900821,던킨도너츠제주금호리조트점,"제주특별자치도 서귀포시 남원읍 태위로 522-12, 1층"
1900844,리틀포레스트,제주특별자치도 서귀포시 월평로 15 (월평동)
1900912,이디야커피제주중문점,"제주특별자치도 서귀포시 중문관광로 42, 1층 (색달동)"
1900922,CU서귀포가온점,"제주특별자치도 서귀포시 태평로512번길 1-4, 1층 (동홍동)"
1900927,커피에반하다서귀포올레시장점,"제주특별자치도 서귀포시 중정로73번길 8, 1층 (서귀동)"
1901011,소보리당로222,제주특별자치도 서귀포시 소보리당로 222 (상예동)
1901117,씨유서귀문부로점,"제주특별자치도 서귀포시 동홍서로 37, 1층 (동홍동)"
1901119,더리터중앙점,"제주특별자치도 서귀포시 중앙로 92, 1층 (서귀동)"
1901132,지에스25제주보목점,"제주특별자치도 서귀포시 칠십리로 458-1, 1층 (보목동)"
1901142,요거프레소제주성산점,"제주특별자치도 서귀포시 성산읍 한도로 32, 1층"
1901198,GS25서귀고점,"제주특별자치도 서귀포시 중앙로 148, 1층 (동홍동)"
1901203,빽다방제주성산일출봉점,제주특별자치도 서귀포시 성산읍 일출로 280-4
1901223,오끼416갤러리,제주특별자치도 서귀포시 남원읍 태수로358번길 3-1
1901224,스타벅스서귀포DT,"제주특별자치도 서귀포시 일주서로 11, 1,2층 (강정동)"
1902122,GS25서귀중정점,"제주특별자치도 서귀포시 중정로 17-1, 1층 (서귀동)"
1902132,북카페가까이,"제주특별자치도 서귀포시 보목포로 161, 1,2층 (하효동)"
1902198,지에스25서귀효돈점,"제주특별자치도 서귀포시 효돈로 144, 2층 (신효동)"
1902208,씨유서귀포신효점,"제주특별자치도 서귀포시 효돈로123번길 1, 1층 (신효동)"
1902218,분식가게,"제주특별자치도 서귀포시 남원읍 태위로 673-1, 1층"
1902220,씨유서귀강정한내들점,"제주특별자치도 서귀포시 대청로 34, 상가동 101,102호 (강정동, 제주강정유승한내들퍼스트오션)"
1902230,스타벅스 제주중문DT,"제주특별자치도 서귀포시 천제연로 95, 1~2층 (색달동)"
1902897,리치망고 쇠소깍점,제주특별자치도 서귀포시 쇠소깍로 164 (하효동)
1902941,이디야커피 제주남원점,"제주특별자치도 서귀포시 남원읍 남태해안로 135, 1층"
1902989,GS25서귀법환점,"제주특별자치도 서귀포시 이어도로 900, 1층 (법환동)"
1903029,씨유제주중문오네뜨점,"제주특별자치도 서귀포시 천제연로213번길 44, 1층 (중문동)"
1903039,케렌시아,"제주특별자치도 서귀포시 칠십리로658번길 27-18, 1,2층 (하효동)"
1903081,바세츠아이스크림동홍점,"제주특별자치도 서귀포시 일주동로 8572, 1층 (동홍동)"
1903110,씨유서귀포송산점,제주특별자치도 서귀포시 태평로 414 (서귀동)
1903120,띠아모동홍점,제주특별자치도 서귀포시 동홍중앙로 64 (동홍동)
1903146,씨유남제주점,제주특별자치도 서귀포시 남원읍 태위로 673
1903156,씨유성산신산점,제주특별자치도 서귀포시 성산읍 일주동로 5115
1903176,세븐일레븐ICC점,제주특별자치도 서귀포시 중문관광로 224 (중문동)
1903186,놀멍쉬멍카페테리아,제주특별자치도 서귀포시 천제연로 132 (중문동)
1903196,네오치킨중문점,제주특별자치도 서귀포시 천제연로 242 (중문동)
1903206,항아리밥집,제주특별자치도 서귀포시 남원읍 태위로682번길 2
1903207,씨유제주중문길점,"제주특별자치도 서귀포시 천제연로 168, 1층 (중문동)"
1903217,난타5000서귀포동홍점,제주특별자치도 서귀포시 태평로512번길 4 (동홍동)
1903224,GS25성산중앙점,제주특별자치도 서귀포시 성산읍 성산중앙로 43-1
1903310,한스델리서귀포점,제주특별자치도 서귀포시 중앙로42번길 7 (서귀동)
1903317,씨유제주중문점,제주특별자치도 서귀포시 중문상로 38 (중문동)
1903327,씨유서귀포부두점,제주특별자치도 서귀포시 칠십리로 61 (서귀동)
1903337,커피방듸,제주특별자치도 서귀포시 성산읍 섭지코지로 48
1903365,GS25서귀동홍점,"제주특별자치도 서귀포시 동홍중앙로 50, 1층 (동홍동)"
1903375,씨유강정마을점,제주특별자치도 서귀포시 이어도로 579 (강정동)
1903390,마녀닭강정&치킨,제주특별자치도 서귀포시 중앙로 65 (서귀동)
1903432,씨유서귀포광장점,제주특별자치도 서귀포시 중앙로 85 (서귀동)
1903496,60빈스,제주특별자치도 서귀포시 태평로120번길 29-2 (호근동)
1903648,소문난순대족발,제주특별자치도 서귀포시 중앙로42번길 22 (서귀동)
1903807,씨유서귀포강정점,제주특별자치도 서귀포시 신서귀로97번길 84 (강정동)
1903816,커피먹는고냉이,제주특별자치도 서귀포시 성산읍 신양로 103
1904060,복음이네김밥만두,제주특별자치도 서귀포시 김정문화로 64 (법환동)
1904170,씨유 서귀포동문점,제주특별자치도 서귀포시 중동로48번길 11 (서귀동)
1904180,안녕좋은하루,제주특별자치도 서귀포시 천제연로 172 (중문동)
1904204,케이크를부탁해서귀포점,"제주특별자치도 서귀포시 중앙로 66, 1층 (서귀동)"
1904214,파머스커피,제주특별자치도 서귀포시 월평하원로 43-3 (월평동)
1904227,씨유제주동남점,제주특별자치도 서귀포시 성산읍 동류암로 48
1904373,삼매봉153,제주특별자치도 서귀포시 남성중로153번길 15 (서홍동)
1904485,용우동서귀포점,제주특별자치도 서귀포시 이중섭로 4 (서귀동)
1904507,베트로,제주특별자치도 서귀포시 중정로62번길 1 (서귀동)
1904520,서귀포 피자클래스,제주특별자치도 서귀포시 일주동로 8650 (동홍동)
1904521,씨유서귀포정방점,제주특별자치도 서귀포시 태평로 463 (서귀동)
1904531,숑,제주특별자치도 서귀포시 남원읍 공천포로 91
1904584,원테이블,제주특별자치도 서귀포시 법환로 14 (법환동)
1904587,불로초장터,제주특별자치도 서귀포시 중앙로42번길 22 (서귀동)
1904634,김밥천국서귀포점,제주특별자치도 서귀포시 중정로 60 (서귀동)
1904662,씨유제주위미점,제주특별자치도 서귀포시 남원읍 태위로 200
1904672,명랑쌀핫도그동홍점,제주특별자치도 서귀포시 태평로537번길 49 (동홍동)
1904700,한아름분식,제주특별자치도 서귀포시 중앙로 154 (서홍동)
1904704,세븐일레븐서귀포스카이힐점,제주특별자치도 서귀포시 일주서로 1124 (상예동)
1904714,이디야커피전문점,제주특별자치도 서귀포시 일주동로 9209 (법환동)
1904762,씨유서귀토평점,제주특별자치도 서귀포시 중산간동로 7738 (토평동)
1904772,베스킨라빈스,제주특별자치도 서귀포시 일주동로 8674-1 (동홍동)
1907252,카페50번길,"제주특별자치도 서귀포시 토평로50번길 23, 1층 (토평동)"
1907256,놀숲서귀포신시가지점,"제주특별자치도 서귀포시 대청로25번길 4, 4층 (강정동)"
1907264,바끄레카페,"제주특별자치도 서귀포시 중앙로 105, 별관 1층 (서홍동)"
1907272,씨유서귀태흥점,제주특별자치도 서귀포시 남원읍 일주동로 6745
1907282,세븐일레븐밸류호텔점,"제주특별자치도 서귀포시 김정문화로 51, 제이에스밸류호텔 B동 지하1층 101호 (법환동)"
1907341,죽이야기서귀포점,"제주특별자치도 서귀포시 중앙로71번길 7, 1층 (서귀동)"
1907358,씨유제주섭지코지점,제주특별자치도 서귀포시 성산읍 신양로 114
1907534,세븐일레븐 서귀포송산점,제주특별자치도 서귀포시 칠십리로 139 (서귀동)
1907544,메가커피중문점,"제주특별자치도 서귀포시 천제연로 182, 1층 (중문동)"
1907554,쿠티커피,제주특별자치도 서귀포시 성산읍 성산중앙로 43
1907618,씨유서귀위미동백점,"제주특별자치도 서귀포시 남원읍 태위로 369, 1층"
1907628,유구레,제주특별자치도 서귀포시 중문관광로 345 (중문동)
1907629,세컨드뮤지오,"제주특별자치도 서귀포시 흙담솔로 117, 2층 (서홍동)"
1907631,씨유서귀강정천점,"제주특별자치도 서귀포시 이어도로 638, 1층 (강정동)"
1907641,에브리데이,"제주특별자치도 서귀포시 동홍동로 37, 1층 (동홍동)"
1907643,GS25신서귀포점,"제주특별자치도 서귀포시 신서귀로97번길 45, 1층 (강정동)"
1907653,놀멍쉬멍고르멍,제주특별자치도 서귀포시 현청로 51 (서홍동)
1907656,제주인화찐빵,제주특별자치도 서귀포시 동홍로 19 (서귀동)
1907664,씨유서귀강정이어도로점,"제주특별자치도 서귀포시 이어도로 793, 1층 (강정동)"
1907705,오는정김밥,제주특별자치도 서귀포시 동문동로 2 (서귀동)
1915973,엔제리너스 천지연폭포점,제주특별자치도 서귀포시 남성중로 2-3 (서홍동)
1915996,뽕뽕식당,"제주특별자치도 서귀포시 중앙로42번길 33, 1층 (서귀동)"
1916021,롯데리아서귀포점,제주특별자치도 서귀포시 중정로61번길 9 (서귀동)
1916123,레드피아노,"제주특별자치도 서귀포시 성산읍 일주동로 5185, 가동 1층"
1916161,카페꿈나다,"제주특별자치도 서귀포시 효돈순환로 441, 2층 (신효동)"
1916164,지에스25성산고성점,"제주특별자치도 서귀포시 성산읍 고성오조로 73, 1층"
1916184,파스쿠찌제주중문점,"제주특별자치도 서귀포시 천제연로232번길 15, 1층 (중문동)"
1916222,씨유서귀포남원길점,제주특별자치도 서귀포시 남원읍 태위로 481
1916232,카페바르,제주특별자치도 서귀포시 성산읍 환해장성로 941
1916414,카페테리아구상나무,"제주특별자치도 서귀포시 산록남로 2847-37, 1층 (상효동)"
1916670,하효통닭치킨,제주특별자치도 서귀포시 중정로73번길 4-1 (서귀동)
1916682,씨유서귀예래해안로점,"제주특별자치도 서귀포시 예래해안로 550, 1층 (상예동)"
1916692,도미노피자제주서귀포점,제주특별자치도 서귀포시 신서귀로 118 (서호동)
1916779,GS25서귀소원점,"제주특별자치도 서귀포시 중앙로 183, 1층 (서홍동)"
1916827,지에스25서귀동변점,"제주특별자치도 서귀포시 중앙로48번길 42, 1층 (서귀동)"
1916858,지에스25동홍중앙점,"제주특별자치도 서귀포시 태평로 509, 1층 101호 (동홍동)"
1916868,지에스25서귀광장점,"제주특별자치도 서귀포시 일주동로 8678, 1층 (동홍동)"
1916878,씨유서귀신북로점,"제주특별자치도 서귀포시 신서로98번길 74, 지하1층 (서호동)"
1916888,부티크카페온블루,제주특별자치도 서귀포시 성산읍 온평관전로 94
1917004,세븐일레븐서귀포오션팰리스점,"제주특별자치도 서귀포시 중앙로 14, 102호 (서귀동)"
1917014,버거나라남원점,제주특별자치도 서귀포시 남원읍 태위로 668
1917018,캐롤,"제주특별자치도 서귀포시 효돈로 137-1, 1층 (신효동)"
1917064,GS25쇠소깍점,제주특별자치도 서귀포시 쇠소깍로 151-8 (하효동)
1917112,세븐일레븐서귀포고성점,제주특별자치도 서귀포시 성산읍 고성동서로 66
1917156,고봉민김밥인서귀포강정점,"제주특별자치도 서귀포시 대청로25번길 4, 1층 (강정동, 102호)"
1917221,지에스25서귀엘지점,"제주특별자치도 서귀포시 중앙로 45, 1층 (서귀동)"
1917231,씨유중문일주서로점,제주특별자치도 서귀포시 일주서로 962 (색달동)
1917241,씨유제주성산중앙로점,제주특별자치도 서귀포시 성산읍 성산중앙로 44
1917261,씨유서귀포효돈중앙점,"제주특별자치도 서귀포시 과원동로 3, 102동 1층 101호 (하효동)"
1917271,슬아네가게,"제주특별자치도 서귀포시 남원읍 태위로 773-19, 1층"
1917285,씨유서귀포공업단지점,제주특별자치도 서귀포시 토평공단로 112 (토평동)
1917295,세븐일레븐성산일출점,"제주특별자치도 서귀포시 성산읍 일출로 284, 1층"
1917315,에그드랍제주중문점,"제주특별자치도 서귀포시 천제연로 198, 1층 108호 (중문동)"
1917439,씨유서귀포월드컵점,"제주특별자치도 서귀포시 명동로 19-1, CU 1층 (서귀동)"
1917449,세븐일레븐서귀포엉또폭포점,"제주특별자치도 서귀포시 중산간서로 184, 1층 (강정동)"
1917459,스터디카페꿈,"제주특별자치도 서귀포시 동홍서로112번길 1 (동홍동, 별내린주택)"
1917460,달콤한계단,"제주특별자치도 서귀포시 신서로 66, 지하1층 (강정동)"
1917501,씨유서귀포비석거리점,"제주특별자치도 서귀포시 일주동로 8493, 1층 (토평동)"
1917511,카페느루,"제주특별자치도 서귀포시 일주동로 8104, 1층 (하효동)"
1917521,더벤티동홍점,"제주특별자치도 서귀포시 동홍중앙로 70, 1층 (동홍동)"
1917531,청춘당꽈배기성산점,"제주특별자치도 서귀포시 성산읍 일주동로 4754, 1층 101호"
1917621,카페월든,"제주특별자치도 서귀포시 하원북로35번길 21, C동 1층 (하원동)"
1917627,율커피,"제주특별자치도 서귀포시 남원읍 태위로 507, 1층"
1917644,봉김밥.토스트,"제주특별자치도 서귀포시 토평로50번길 45, 1층 (토평동)"
1917670,지에스25서귀홍중점,"제주특별자치도 서귀포시 홍중로 57, 1층 (서홍동)"
1917682,더캠프PC서귀포본점,"제주특별자치도 서귀포시 김정문화로41번길 5-2, 3층 301~304호 (법환동)"
1917686,카페달곰,"제주특별자치도 서귀포시 이중섭로 4, 1층 (서귀동)"
1917690,지에스중문마을점,"제주특별자치도 서귀포시 천제연로207번길 18, 1층 (중문동)"
1917700,카페록키,"제주특별자치도 서귀포시 일주동로 9117, 1층 (법환동)"
1917793,단단한끼,"제주특별자치도 서귀포시 중앙로 113, 1층 102호 (서홍동)"
1917795,에그드랍서귀포중앙점,제주특별자치도 서귀포시 중앙로 72 (서귀동)
1917910,랜딩커피,"제주특별자치도 서귀포시 성산읍 신양로122번길 45-1, 1,2층"
1919030,카페더라이트,"제주특별자치도 서귀포시 성산읍 한도로 269, 1,2층"
1922966,지에스25서귀오거리점,"제주특별자치도 서귀포시 중정로91번길 46, GS25 (서귀동)"
1922976,제주흑돈만두강정점,제주특별자치도 서귀포시 이어도로 578-1 (강정동)
1922980,세븐일레븐태흥리점,"제주특별자치도 서귀포시 남원읍 일주동로 6793, 1층"
1922986,포에스트,"제주특별자치도 서귀포시 법환상로 20, F동 1층 102호 (법환동, 유일헤리지움)"
1923038,세븐일레븐서귀포상예동점,제주특별자치도 서귀포시 일주서로 1229 (상예동)
1923046,"안녕,소깍",제주특별자치도 서귀포시 남원읍 하례로 98
1923073,제주커피,"제주특별자치도 서귀포시 성산읍 서성일로 913, 1층"
1923147,블루미270,"제주특별자치도 서귀포시 남원읍 한신로 268, 1층"
1923160,달페이지,"제주특별자치도 서귀포시 색달로64번길 51, 1층 (색달동)"
1923235,카페아오오,"제주특별자치도 서귀포시 성산읍 환해장성로 75, 1,2층"
1923957,하영쓰,"제주특별자치도 서귀포시 중앙로 167, 1층 (서홍동)"
1923967,GS25서귀유포리아점,"제주특별자치도 서귀포시 서호중앙로 55, 유포리아 지식산업센터 D동 1층 101-1호 (서호동)"
1923971,달콤방앗간,"제주특별자치도 서귀포시 태평로 389, 1층 (서귀동)"
1923995,투데이케이쿠,"제주특별자치도 서귀포시 천지연로 21, 1층 (서귀동)"
1924021,와플칸동홍점,"제주특별자치도 서귀포시 동홍중앙로 55, 1층 (동홍동)"
1924042,피자탑성산점,"제주특별자치도 서귀포시 성산읍 성산등용로17번길 55, 리치유클래시아 1층 100호"
1924136,늘보네커피,제주특별자치도 서귀포시 성산읍 한도로 82
1924190,테이블앤데스크,"제주특별자치도 서귀포시 남원읍 태위로679번길 10, 1층"
1924726,카페랑스,"제주특별자치도 서귀포시 동홍로 192, 101호 (동홍동)"
1924731,서귀포카페파바쎄,제주특별자치도 서귀포시 중정로91번길 35 (서귀동)
1924779,르브아커피,"제주특별자치도 서귀포시 남원읍 태위로266번길 15, 1층"
1924806,세븐일레븐서귀포동백마을점,"제주특별자치도 서귀포시 남원읍 한신로 543, 1층"
1924814,성산봄죽칼국수,"제주특별자치도 서귀포시 성산읍 해맞이해안로 2725, 1층"
1927310,씨유서귀여고점,"제주특별자치도 서귀포시 태평로 95, 104동 B04호 (호근동, 서귀포의 아침)"
1927320,달리는커피서귀포중앙점,"제주특별자치도 서귀포시 중앙로59번길 6, 1층 (서귀동)"
1927353,세븐일레븐서귀포아랑조을거리점,"제주특별자치도 서귀포시 중앙로71번길 15-2, 1층 (서귀동)"
1927363,섶섬한그릇,"제주특별자치도 서귀포시 보목로64번길 60, 1,2층 (보목동)"
1927416,나눔한식,"제주특별자치도 서귀포시 일주동로 8767, 1층 (서홍동)"
1927422,컴포즈커피서귀포올레시장점,제주특별자치도 서귀포시 중정로 66-1 (서귀동)
1927432,보보,"제주특별자치도 서귀포시 남원읍 태위로 87, 1층"
1927448,뷰커피,"제주특별자치도 서귀포시 성산읍 성산중앙로64번길 5-4, 3층"
1927536,뮤지엄카페,"제주특별자치도 서귀포시 중산간서로 1403, 2층 (상예동)"
1927544,씨유서귀포동문중앙점,"제주특별자치도 서귀포시 동홍로 13, 1층 (서귀동)"
1927554,퍼스트스퀘어,"제주특별자치도 서귀포시 일주동로 8694, 2층 (서홍동)"
1927556,더벤티서홍점,"제주특별자치도 서귀포시 홍중로 43, 1층 (서홍동)"
1927573,청춘감성쌀핫도그중문점,"제주특별자치도 서귀포시 천제연로 223-1, 1층 (중문동)"
1927587,여행가게,제주특별자치도 서귀포시 남원읍 태위로 929
1927633,지에스25서귀서홍점,"제주특별자치도 서귀포시 홍중로 82, 1층 (서홍동)"
1927636,이매커피,"제주특별자치도 서귀포시 신서귀로51번길 32, 1층 (강정동)"
1927638,씨유성산시흥점,"제주특별자치도 서귀포시 성산읍 일주동로 3954, 1층"
1927658,썬샤인워크,"제주특별자치도 서귀포시 소보리당로 40-4, 1층 (상예동)"
1927716,제이문카페,"제주특별자치도 서귀포시 천제연로 172-3, 2층 (중문동)"
1927944,파스쿠찌서귀포일호광장점,"제주특별자치도 서귀포시 서문로 1, 1,2층 (서귀동)"
1928095,던킨도너츠제주한화아쿠아,"제주특별자치도 서귀포시 성산읍 섭지코지로 95, Aqua Planet Jeju 1층"
1928115,투썸플레이스제주쇠소깍점,"제주특별자치도 서귀포시 쇠소깍로 134, 2층 (하효동)"
1928415,블루마운틴커피랜드,"제주특별자치도 서귀포시 성산읍 중산간동로 4255, 1층"
1928541,씨유성산수산점,"제주특별자치도 서귀포시 성산읍 서성일로 908, 1층"
1928591,옥분상회,제주특별자치도 서귀포시 남원읍 남한로 14
1928650,카페봄봄예래점,제주특별자치도 서귀포시 소보리당로164번길 63 (상예동)
1928669,오돈꼬치,제주특별자치도 서귀포시 중정로73번길 17 (서귀동)
1928946,피자포람수다,"제주특별자치도 서귀포시 성산읍 서성일로 872-18, 1층 102호"
1928988,세븐일레븐서귀포의귀점,제주특별자치도 서귀포시 남원읍 의귀로 103
1928990,그린무드,"제주특별자치도 서귀포시 중산간서로 822, 1층 (중문동)"
1929494,한남307,제주특별자치도 서귀포시 남원읍 한신로 55
1929602,할렘버거,제주특별자치도 서귀포시 남원읍 서의로154번길 69
1929653,캘리소프트서브올레시장점,"제주특별자치도 서귀포시 중앙로54번길 16, 1층 (서귀동)"
1929747,캘리소프트서브성산일출봉점,"제주특별자치도 서귀포시 성산읍 일출로 284-4, 1층"
1929903,컴포즈신시가지점,"제주특별자치도 서귀포시 중산간동로 8380, 1층 (서호동)"
1929923,꿀맛,"제주특별자치도 서귀포시 막숙포로 95, 1층 (법환동)"
1929998,망고하이,"제주특별자치도 서귀포시 일주서로 972, 1,2층 (색달동)"
1930169,놀숲서귀포중앙점,"제주특별자치도 서귀포시 중앙로 35, 3층 (서귀동)"
1930171,색놀이터제주,"제주특별자치도 서귀포시 말질로 147-1, 1층 (강정동)"
1930173,봄봄회수점,"제주특별자치도 서귀포시 전가로 1, 1층 (회수동)"
1930181,에그박스제주성산점,"제주특별자치도 서귀포시 성산읍 고성동서로56번길 18, 1층"
1930207,그리젠,"제주특별자치도 서귀포시 이어도로 377, 1층 (월평동)"
1930234,카페봄봄서홍점,"제주특별자치도 서귀포시 홍중로 52, 1층 (서홍동)"
1930236,미미탕후루,"제주특별자치도 서귀포시 중정로61번길 14, 1층 (서귀동)"
1930246,카페앤유,"제주특별자치도 서귀포시 태평로 119-1, 2층,옥상층 (호근동)"
1930390,제주카펜터,"제주특별자치도 서귀포시 중산간서로356번길 42, 1층 (도순동)"
1930439,어느멋진날,"제주특별자치도 서귀포시 남원읍 위미해안로 97, 1층"
1930471,빽다방서귀포올레중앙점,제주특별자치도 서귀포시 중정로61번길 19 (서귀동)
1930514,파프리카(paprika),"제주특별자치도 서귀포시 신서로32번길 10, 지1층 (강정동)"
1930516,씨유제주빛의벙커점,"제주특별자치도 서귀포시 성산읍 서성일로 1181, 1층"
1930522,윤꽈배기,"제주특별자치도 서귀포시 천제연로 214, 1층 (중문동)"
1930580,세븐일레븐서귀포토평사거리점,제주특별자치도 서귀포시 516로 143 (토평동)
1930581,카페물썹,"제주특별자치도 서귀포시 성산읍 신천동로 130-29, 2층"
1930643,세븐일레븐서귀포삼달점,제주특별자치도 서귀포시 성산읍 삼달로 190
1930663,유디에이(UDA),"제주특별자치도 서귀포시 속골로 13-7, 1,2층 (호근동)"
1930735,두끼서귀포점,"제주특별자치도 서귀포시 중앙로54번길 14, 2층 (서귀동)"
1930771,고성리안,제주특별자치도 서귀포시 성산읍 고성동서로 67
1930801,씨유성산신양점,"제주특별자치도 서귀포시 성산읍 신양로 81, 1층"
1930923,에이바우트커피토평점,"제주특별자치도 서귀포시 516로 73, 1층 (토평동)"
1931067,신전떡볶이성산점,"제주특별자치도 서귀포시 성산읍 동류암로 52-1, 1층"
1931167,노리파크서귀포점,"제주특별자치도 서귀포시 516로 40, 2층 (토평동)"
1931177,카페아띠,제주특별자치도 서귀포시 일주서로 332-3 (도순동)
1931226,씨유서귀고근산점,"제주특별자치도 서귀포시 중산간동로 8442, 1층 (서호동)"
1931236,제주처럼,"제주특별자치도 서귀포시 동홍로 351, 1층 (동홍동)"
1931238,도넛포레스트,"제주특별자치도 서귀포시 흙담솔로 26, 1층 (서홍동)"
1931249,지에스25제주성산일출점,"제주특별자치도 서귀포시 성산읍 일출로 264-1, 1층"
1931317,호끌랑,제주특별자치도 서귀포시 장수로 98 (서홍동)
1931319,맨도롱힐링카페,"제주특별자치도 서귀포시 중앙로195번길 22, 1층 (서홍동)"
1931321,19티성산일출봉점,"제주특별자치도 서귀포시 성산읍 일출로 264-1, 1층 2호"
1931333,씨유서귀포효돈점,"제주특별자치도 서귀포시 일주동로 8092, 1층 (하효동)"
1931413,카페봄봄서귀중앙점,"제주특별자치도 서귀포시 중앙로 65, 1층 (서귀동)"
1931417,쇠소깍산물관광농원,"제주특별자치도 서귀포시 남원읍 하례로 90, 1층"
1931472,던킨서귀포동홍점,"제주특별자치도 서귀포시 동홍중앙로 77, 1층 (동홍동)"
1931482,아수라김밥,제주특별자치도 서귀포시 성산읍 일주동로 4754
1931622,요거트소랑,"제주특별자치도 서귀포시 신서로48번길 31, 명성 클리닉 빌딩 1층 101호 (강정동)"
1931741,워니도넛,"제주특별자치도 서귀포시 효돈로 135-1, 1층 (신효동)"
1931777,던킨서귀포혁신점,"제주특별자치도 서귀포시 신서로48번길 31, 1층 103호 (강정동)"
1931825,제주빵앗간,"제주특별자치도 서귀포시 천제연로207번길 7, 더프라임시티 1층 104호 (중문동)"
1931838,PinPin(핀핀),"제주특별자치도 서귀포시 장수로 87, 1층 (서홍동)"
1931844,신전떡볶이중문점,"제주특별자치도 서귀포시 중문관광로301번길 3, 1층 101호 (대포동, 중문오션힐스)"
1931996,메가커피제주동홍중앙점,제주특별자치도 서귀포시 태평로 488 (동홍동)
1932031,그린샐러드&샌드위치,"제주특별자치도 서귀포시 서호중앙로 55, E동 지3층 B3-112호 (서호동)"
1932061,알로하(ALOHA),"제주특별자치도 서귀포시 남원읍 남조로 162-2, C동 1층"
1932076,이디야위미점,"제주특별자치도 서귀포시 남원읍 태위로 88, 1층"
1932087,불쑥봄,제주특별자치도 서귀포시 법화로10번길 10-4 (하원동)
1932102,제주소담,"제주특별자치도 서귀포시 막숙포로 150, 1층 (법환동)"
1932140,카페쉬머,"제주특별자치도 서귀포시 서호중로 80, 1,2층 (서호동)"
1932178,샐러든든,제주특별자치도 서귀포시 동홍중앙로66번길 22-7 (동홍동)
1932181,GS25제주아쿠아플라넷,"제주특별자치도 서귀포시 성산읍 섭지코지로 95, 2층"
1932277,앤드플(ANDFLE),"제주특별자치도 서귀포시 서호중로 102, 2층 (서호동)"
1932311,Woody glade(우디글레이드),"제주특별자치도 서귀포시 솔동산로 26-6, 1층 (서귀동)"
1932320,봄봄법환점,"제주특별자치도 서귀포시 이어도로 920, 1층 (법환동)"
1932328,씨유서귀위미항점,"제주특별자치도 서귀포시 남원읍 태위로 88, 1층"
1932338,오리프,제주특별자치도 서귀포시 남원읍 태위로 255
1932390,씨유성산포항여객터미널점,"제주특별자치도 서귀포시 성산읍 성산등용로 130-21, 1층"
1932410,세븐일레븐서귀포동홍로점,"제주특별자치도 서귀포시 동홍로99번길 9, 1층 (동홍동)"
1932413,카페와일드가든,"제주특별자치도 서귀포시 칠십리로 199, 1,2층 (동홍동)"
1932425,네모샌드위치,"제주특별자치도 서귀포시 서호중앙로 55, Ezone동 지2층 B-2-113-1호 (서호동)"
1932435,애니커피하우스,제주특별자치도 서귀포시 동문로 10 (서귀동)
1932448,cu서귀호근로점,제주특별자치도 서귀포시 중산간동로 8351 (호근동)
1932458,제주호랭이성산점,"제주특별자치도 서귀포시 성산읍 일출로 274-1, 2층"
1932926,지에스25서귀서문로점,"제주특별자치도 서귀포시 서문로 8, 1층 (서귀동)"
1932936,씨유중문대림점,"제주특별자치도 서귀포시 중문상로82번길 16, 1층 101호 (중문동)"
1932946,서귀포쑥보리빵,제주특별자치도 서귀포시 장수로 72 (서홍동)
1932957,CU하효중앙점,제주특별자치도 서귀포시 효돈순환로 252 (하효동)
1932967,카페숲숲,"제주특별자치도 서귀포시 보목로64번길 80, 2층 (보목동)"
1933022,봄뜨랑,"제주특별자치도 서귀포시 성산읍 고성동서로56번길 15, 1층"
1933066,씨유서귀대포마을점,제주특별자치도 서귀포시 대포중앙로 92 (대포동)
1933089,롯데리아하나로제주성산점,"제주특별자치도 서귀포시 성산읍 일주동로 4282, 성산일출봉농협하나로마트 1층"
1933225,에이바우트커피올레시장점,"제주특별자치도 서귀포시 중정로62번길 4, 1층 (서귀동)"
1933340,플라이오조,제주특별자치도 서귀포시 성산읍 오조로85번길 44
1933524,지에스25성산동남점,"제주특별자치도 서귀포시 성산읍 고성오조로 49, 1층"
1933596,씨유성산온평점,"제주특별자치도 서귀포시 성산읍 온평애향로 2, 1층"
1933616,카페논짓물,제주특별자치도 서귀포시 예래해안로 253 (하예동)
1933628,세븐일레븐서귀포강정점,"제주특별자치도 서귀포시 신서귀로97번길 87, 1층 101호 (강정동, 대림 제주 서호 연립주택)"
1933634,인터뷰,"제주특별자치도 서귀포시 중산간동로 8353, 2층 (서호동)"
1933682,파스쿠찌서귀포신시가지점,"제주특별자치도 서귀포시 김정문화로27번길 10-1, 1,2층 (강정동)"
1933740,제주의봄,"제주특별자치도 서귀포시 신북로 16, 1층 (서호동)"
1933757,시간당킬로미터,"제주특별자치도 서귀포시 신동로67번길 11, 1층 (서호동)"
1933779,투썸플레이스서귀포신시가지점,"제주특별자치도 서귀포시 신서귀로 31, 2.3층 (법환동)"
1933897,지에스25법환포구점,제주특별자치도 서귀포시 막숙포로 66 (법환동)
1933990,사하커피,제주특별자치도 서귀포시 성산읍 산성효자로 75
1934056,오또도넛서귀점,"제주특별자치도 서귀포시 부두로 16, 1층 (서귀동)"
1934190,세븐일레븐강정천점,제주특별자치도 서귀포시 이어도로 685-1 (강정동)
1934200,제주흑돈만두중문,"제주특별자치도 서귀포시 천제연로 179, 1층 (중문동)"
1934214,컴포즈커피서귀포성산점,"제주특별자치도 서귀포시 성산읍 일주동로 4229, 1층"
1934248,워터라이프,"제주특별자치도 서귀포시 서호남로32번길 10-4, 1층 (서호동)"
1934271,송정동핫도그서귀포점,"제주특별자치도 서귀포시 이중섭로 5-1, 1층 (서귀동)"
1934346,어니스트밀크본점,"제주특별자치도 서귀포시 성산읍 중산간동로 3147-7, 2층"
1934886,세븐일레븐노블휘닉스점,"제주특별자치도 서귀포시 태평로 505, 1층 101호 (동홍동, 가나노블휘닉스)"
1934897,씨유서귀중앙로점,"제주특별자치도 서귀포시 중앙로72번길 45-2, 1층 (서귀동)"
1934900,씨유서귀포중앙점,제주특별자치도 서귀포시 동문로 22 (서귀동)
1934914,에이바우트커피뷰강정점,제주특별자치도 서귀포시 선반로65번길 37-31 (강정동)
1935011,지에스25서귀비석거리점,제주특별자치도 서귀포시 일주동로 8541 (동홍동)
1935021,하은이네손만두김밥,"제주특별자치도 서귀포시 천제연로 223, 1층 (중문동)"
1935055,씨유서귀라메르점,"제주특별자치도 서귀포시 중정로5번길 15, 1층 101호 (서귀동)"
1935064,지에스25서귀파인힐점,"제주특별자치도 서귀포시 홍중로 119-2, 602동 204호 (서홍동, 서강파인힐6차)"
1935071,한옥마루카페,"제주특별자치도 서귀포시 성산읍 한도로 269-23, 부속동 1층"
