Column1,name,address
700857,서프로와,"제주특별자치도 제주시 테우해안로 132, 지하1층 (이호일동)"
701426,오캄커피,"제주특별자치도 제주시 광양11길 16, 101호 (이도이동, 희봉빌라)"
701470,황소곱창,제주특별자치도 제주시 삼무로3길 8 (연동)
701510,삼아갈비,제주특별자치도 제주시 서광로21길 4-1 (삼도일동)
701512,최가네옛날손두부집,"제주특별자치도 제주시 사장2길 36, 1층 (연동)"
701576,민성이네식당,"제주특별자치도 제주시 도령로11길 20, 1층 (연동, 대원빌라1차)"
701579,파도소리해녀촌,제주특별자치도 제주시 우도면 우도해안길 510
701903,유가네한우곰탕,"제주특별자치도 제주시 추자면 추자로 50, 1층"
701904,제주돈아도두점,제주특별자치도 제주시 서해안로 272 (도두이동)
702013,정개,"제주특별자치도 제주시 서사로21길 3, 1층 (삼도일동)"
702173,바르다김선생제주연동신시가지점,"제주특별자치도 제주시 연북로 24, 지하1층 102호 (노형동)"
702251,옛날아우내순대외도점,"제주특별자치도 제주시 도근내길 12-1, 1층 (외도일동)"
702281,레드팬더,제주특별자치도 제주시 신대로18길 51 (연동)
702284,신라스테이제주카페(CAFE),"제주특별자치도 제주시 노연로 100, 11층 (연동)"
702312,레스토랑더원,"제주특별자치도 제주시 사장3길 33, 1층 (연동)"
702317,상구비어삼도점,"제주특별자치도 제주시 서광로 240-1, 1층 (삼도일동)"
702324,마린수산회센타,"제주특별자치도 제주시 동문로2길 10, 1층 (일도일동, 산지천복개 제1공구 비동6호)"
702378,팔팔돼지,제주특별자치도 제주시 제원길 7 (연동)
702491,제주공항본점공항뚝배기,제주특별자치도 제주시 연삼로 31 (연동)
703019,샤오핑,"제주특별자치도 제주시 연신로 71, 1층 (이도이동)"
703028,목마,"제주특별자치도 제주시 곤을길 23, 1층 (화북일동)"
703064,노랑통닭,제주특별자치도 제주시 신대로16길 44 (연동)
703132,20세기소년,"제주특별자치도 제주시 동광로1길 2, 1층 (이도일동)"
703152,모리아짬뽕,"제주특별자치도 제주시 조천읍 함덕로 32, 1층"
703270,용우동제주시청점,"제주특별자치도 제주시 서광로 292-1, 1층 (이도이동)"
703290,돈먹고돈주기,"제주특별자치도 제주시 무근성7길 22, 1층 (삼도이동)"
703299,투다리한라점,"제주특별자치도 제주시 진남로6길 26, 1층 (화북일동)"
703315,전주이모네,제주특별자치도 제주시 연동9길 37 (연동)
703427,설빙신제주직영점,제주특별자치도 제주시 신광로 65 (연동)
703493,정순화손두부,제주특별자치도 제주시 조천읍 일주동로 1415
703523,오누이밥상,제주특별자치도 제주시 추자면 추자로 68
703536,우도이모네식당,제주특별자치도 제주시 우도면 우목길 6
703537,멍군식당,제주특별자치도 제주시 조천읍 신북로 601
703561,일품왕솥뚜껑,제주특별자치도 제주시 고마로15길 3 (일도이동)
703563,쭈꾸쭈꾸쭈꾸미,"제주특별자치도 제주시 연동11길 33 (연동, 제1호)"
703907,후니참치,제주특별자치도 제주시 노연로 39 (노형동)
703911,아침바다,"제주특별자치도 제주시 수덕5길 66, 103호 (노형동)"
705531,고씨회관시청점,제주특별자치도 제주시 신성로13길 30 (이도이동)
705533,제주예찬,"제주특별자치도 제주시 1100로 2997, 1층 (노형동)"
705971,짬뽕에취한날,제주특별자치도 제주시 귀아랑2길 4 (연동)
706156,하노이안브라더스,제주특별자치도 제주시 천수동로 1 (건입동)
706226,황궁쟁반행복반점,제주특별자치도 제주시 절물3길 24 (외도일동)
706227,착한집,제주특별자치도 제주시 서광로 98 (오라삼동)
707427,흑마가든,제주특별자치도 제주시 연화로2길 20-1 (연동)
707445,고래냉삼,제주특별자치도 제주시 우령2길 29-5 (외도일동)
707466,연동한라국시,제주특별자치도 제주시 신대로18길 41 (연동)
707467,고객식당,"제주특별자치도 제주시 오현길 78-6, 1층 (이도일동)"
707684,술집마씸,제주특별자치도 제주시 조천읍 함덕13길 2
707690,육장갈비제주본점,제주특별자치도 제주시 승천로 2 (이도이동)
707703,방일해장국제주본점,"제주특별자치도 제주시 월광로 163, 1층 (노형동)"
707730,남문숯불바베큐앤치킨신촌점,제주특별자치도 제주시 조천읍 신촌3길 7
707750,텅꼬치구이도남점,"제주특별자치도 제주시 도남로 12 (삼도일동,지상1층)"
707752,오션베스트빌,제주특별자치도 제주시 조천읍 조함해안로 221
707782,유행,제주특별자치도 제주시 신대로10길 32 (연동)
707783,아라숯불갈비,제주특별자치도 제주시 중앙로 555 (아라일동)
707852,만사오케이,"제주특별자치도 제주시 전농로 81, 1층 (삼도이동)"
707871,잠녀해녀촌,제주특별자치도 제주시 조천읍 조함해안로 410
708285,비에이치씨신제주점,제주특별자치도 제주시 원노형남1길 23 (노형동)
708336,주민상회신제주점,제주특별자치도 제주시 원노형6길 31 (노형동)
708343,월계,"제주특별자치도 제주시 월평1길 8 (월평동,(월평1로 47))"
708345,젬마손,"제주특별자치도 제주시 진동로 3, 101호 (화북일동,건하주택)"
708352,국수장터,제주특별자치도 제주시 동광로 50-1 (이도이동)
708423,황금섬숯불갈비,제주특별자치도 제주시 추자면 추자로 36
708428,바다풍경,제주특별자치도 제주시 서해안로 654 (용담삼동)
714935,아침하늘,제주특별자치도 제주시 조천읍 조와로 5
714957,국수상회,제주특별자치도 제주시 연동10길 7 (연동)
714960,달빛노을,"제주특별자치도 제주시 중앙로 22, 지하1층 (건입동)"
714963,세이슌칠성로점,"제주특별자치도 제주시 관덕로11길 35, 2층 (건입동)"
714981,본죽앤비빔밥아라점,"제주특별자치도 제주시 아란9길 6, 1층 (아라일동)"
714991,얼얼이불막창,"제주특별자치도 제주시 건주로4길 26, 1층 (도련일동)"
714993,24시얼큰시원생고기김치찌개외도점,"제주특별자치도 제주시 우정로 85, 1층 (외도일동)"
715047,월랑다호,"제주특별자치도 제주시 월랑로6길 32, 1층 (노형동)"
715048,도남황금,제주특별자치도 제주시 신성로 98 (도남동)
715085,제주돈,제주특별자치도 제주시 연신로 83 (이도이동)
715122,청해회센타,"제주특별자치도 제주시 신대로10길 28-1, 1층 (연동)"
715136,바다양푼이동태탕외도점,"제주특별자치도 제주시 우령6길 77, 101호 (외도일동, 한영빌딩)"
715149,시골뚝배기,"제주특별자치도 제주시 선반로 19 (화북일동, 외3필지)"
715150,제주밥상,제주특별자치도 제주시 사장3길 27 (연동)
715390,손사장네행복하소,"제주특별자치도 제주시 연북로 74, 1층 (연동)"
715401,서가장인곱창연동점,제주특별자치도 제주시 신대로16길 47 (연동)
715403,옆구리터진올레김밥,제주특별자치도 제주시 공설로 5 (삼도일동)
715410,오니기리와이규동일도점,제주특별자치도 제주시 고마로 98-1 (일도이동)
715416,레인보우치킨,"제주특별자치도 제주시 조천읍 중산간동로 814, 1층"
715444,용담포차,제주특별자치도 제주시 흥운길 11 (용담이동)
715446,천원,"제주특별자치도 제주시 관덕로8길 22 (삼도이동,(남문로 42))"
715447,오늘은좋은날,제주특별자치도 제주시 우령8길 17 (외도일동)
715753,보리문디,제주특별자치도 제주시 중앙로 598 (아라일동)
715779,금관,"제주특별자치도 제주시 탑동로 114 (용담일동,외1필지 제101호)"
715787,통통시장,"제주특별자치도 제주시 연삼로 541 (일도이동,(연삼로589))"
715805,요기소바외도점,"제주특별자치도 제주시 우령안1길 29, 1층 (외도일동)"
715811,빅디어,"제주특별자치도 제주시 신성로12길 2, 1층 (이도이동)"
715834,정암식당,"제주특별자치도 제주시 동광로1길 30, 1층 (이도일동)"
715841,곰,제주특별자치도 제주시 복지로3길 1-4 (도남동)
716609,나홀로,"제주특별자치도 제주시 서해안로 488, 2층 (용담삼동)"
716645,먹주,제주특별자치도 제주시 신성로13길 1 (이도이동)
716649,큰맘할매순대국조천점,"제주특별자치도 제주시 조천읍 신북로 68, 103,104호"
716737,오르방,"제주특별자치도 제주시 신광로8길 14, 1층 (연동)"
716747,타코밤,"제주특별자치도 제주시 우도면 우도해안길 780-2, 1층"
716764,기쁨이네해물탕앤돌솥밥,제주특별자치도 제주시 조천읍 신북로 527-1
717502,해아름,"제주특별자치도 제주시 가령로 7, 1층 (이도이동)"
717504,써니왕갈비탕,"제주특별자치도 제주시 진남로8길 17-1, 1층 (화북일동)"
717506,소담돈까스,"제주특별자치도 제주시 성신로1길 23, 2층 (연동)"
717543,봉봉,제주특별자치도 제주시 우도면 우도해안길 630
727643,돈데이,"제주특별자치도 제주시 신대로12길 25, 1층 (연동)"
727644,제주닭집,제주특별자치도 제주시 조천읍 함덕14길 3
727754,뭉클만두,제주특별자치도 제주시 서광로20길 3 (삼도일동)
727755,장미맨숀제주시청점,"제주특별자치도 제주시 신성로13길 5, 2층 (이도이동)"
727761,오름,제주특별자치도 제주시 조천읍 비자림로 657
729261,내담식당,"제주특별자치도 제주시 우정로10길 4, 1층 (외도일동)"
729268,콘킹부대찌개,제주특별자치도 제주시 제주대학로7길 5-2 (아라이동)
729288,고기가게,제주특별자치도 제주시 국기중길 12 (연동)
729488,바삭돈가스,"제주특별자치도 제주시 과원북4길 61, 103호 (연동)"
729616,제주보말칼국수,제주특별자치도 제주시 관덕로8길 40 (삼도이동)
729793,컵독스커피제주1호점,제주특별자치도 제주시 신성로 71 (도남동)
729817,큰언니네이층집,"제주특별자치도 제주시 도령로 106, 2층 (연동)"
729818,갑도니,"제주특별자치도 제주시 광양14길 14, 1층 (이도이동)"
729824,추자바다숯불갈비,제주특별자치도 제주시 추자면 추자로 94-1
729829,이모칼국수,"제주특별자치도 제주시 월랑로4길 15 (노형동, 제2호)"
729837,조금만천천히,"제주특별자치도 제주시 조천읍 신북로 201, 1층"
729865,캠핑스톤,"제주특별자치도 제주시 우정로16길 30, 1동 1층 (외도일동)"
729877,행복식당,"제주특별자치도 제주시 다랑곶길 23, 1층 (노형동)"
730293,아라미당한우전문점,"제주특별자치도 제주시 아연로 595, 1~2층 (아라일동)"
730313,몰돗,"제주특별자치도 제주시 조천읍 함대로 2, 1층"
730617,제주돈드르족발보쌈,제주특별자치도 제주시 은남길 25 (연동)
730627,북촌자연산횟집,제주특별자치도 제주시 조천읍 북촌13길 24-1
730639,종달빛,제주특별자치도 제주시 도남로 50 (도남동)
730640,옛날홍가네,"제주특별자치도 제주시 전농로 113 (삼도이동,동양타운103호(전농로12))"
730705,돈치비,"제주특별자치도 제주시 원노형2길 29-5, 101호 (노형동)"
730713,제주삼계탕,"제주특별자치도 제주시 진동로 5, 101호 (화북일동)"
730721,누이,제주특별자치도 제주시 서광로26길 2 (삼도일동)
730722,제주세호해장국연동점,"제주특별자치도 제주시 신대로20길 28, 101호 (연동)"
730726,제주어멍국수본점,"제주특별자치도 제주시 선덕로3길 28, 1층 (연동)"
730773,맛있는한끼,"제주특별자치도 제주시 광양7길 32, 1층 (이도이동)"
730780,제주오도록,"제주특별자치도 제주시 삼봉로2길 16, 1층 (삼양이동)"
730806,육갑봉,제주특별자치도 제주시 신설로11길 2-9 (아라이동)
730832,영춘식당,"제주특별자치도 제주시 도남로7길 37-1, 1층 (도남동)"
730842,일도화로구이,"제주특별자치도 제주시 연삼로 517-1, 1층 (일도이동)"
730843,돈삼겹외도점,"제주특별자치도 제주시 우정로11길 21, 1층 (외도일동)"
730865,쨍하고회뜰날,제주특별자치도 제주시 신광로10길 18 (연동)
730873,우도부릉이,"제주특별자치도 제주시 우도면 우도해안길 480, 1층"
730912,함덕촐래밥상,"제주특별자치도 제주시 조천읍 함대로 57, 1층"
731090,갈래길국수,제주특별자치도 제주시 제원길 14 (연동)
731095,완벽한인생,제주특별자치도 제주시 원노형남1길 33 (노형동)
731098,탕탕이2호점,제주특별자치도 제주시 다랑곶1길 15 (노형동)
731103,참스큐도두점,"제주특별자치도 제주시 도공로 10-1 (도두일동,(1층))"
731110,우도해녀의집,"제주특별자치도 제주시 우도면 우도해안길 144, 1층"
731142,밥먹젠,제주특별자치도 제주시 제주대학로 107 (아라이동)
731153,동서지간,제주특별자치도 제주시 사라봉길 1 (건입동)
731160,달페이지2,"제주특별자치도 제주시 구남동2길 28, 1층 (이도이동)"
731162,제주정,"제주특별자치도 제주시 일주동로 320, 1층 (삼양이동)"
731198,바위소리,"제주특별자치도 제주시 우도면 우도해안길 1112, 1층 제1호"
731478,비에이치씨치킨노형점,"제주특별자치도 제주시 수덕로 81, 동원빌딩 1층 (노형동)"
731509,대한식당신시가지점,"제주특별자치도 제주시 국기로 52, 1층 (연동)"
731527,싸움의고수제주노형점,"제주특별자치도 제주시 원노형로 3, 1층 (노형동)"
731537,쌍고동,제주특별자치도 제주시 서광로5길 27 (용담일동)
731539,홍어대가,제주특별자치도 제주시 전농로 99-1 (삼도이동)
731545,한라향,"제주특별자치도 제주시 도남로 104, 107호 (도남동, 백록아파트)"
731565,행복오리,"제주특별자치도 제주시 우정로 64, 1~2층 (외도일동)"
731572,빽포,제주특별자치도 제주시 정존11길 43 (노형동)
731574,정담,제주특별자치도 제주시 구남로8길 6 (이도이동)
731600,정겨운수제비,"제주특별자치도 제주시 제원1길 23, 105호 (연동)"
731609,고망딱새,제주특별자치도 제주시 서해안로 96 (이호일동)
731620,제주대통,제주특별자치도 제주시 연화로2길 18 (연동)
731633,돈지,제주특별자치도 제주시 동문로10길 2 (일도일동)
731714,술판,"제주특별자치도 제주시 광양14길 1, 2층 (이도이동)"
731717,추자집,"제주특별자치도 제주시 임항로 51, 1층 (건입동)"
731725,긴자,제주특별자치도 제주시 신광로8길 30-1 (연동)
731797,오라숲소리,제주특별자치도 제주시 오라로 80 (오라이동)
731808,중화루,제주특별자치도 제주시 삼무로 68 (연동)
731810,제주큰물살아있는해물탕,제주특별자치도 제주시 조공포길 49 (외도일동)
732019,하늘채,제주특별자치도 제주시 오등14길 4 (오등동)
732034,갤러리호텔비앤비,"제주특별자치도 제주시 삼무로3길 48, 2층 (연동)"
732044,텍사스하우스,제주특별자치도 제주시 박성내동길 49-1 (아라이동)
732063,사라봉진가네해장국,제주특별자치도 제주시 사라봉길 28 (건입동)
732069,오르막가든,제주특별자치도 제주시 오일장중길 41 (도두일동)
734148,나룻배,"제주특별자치도 제주시 연삼로 543, 1층 (일도이동)"
734149,형제,"제주특별자치도 제주시 원노형로 93, 상가동 지하105호 (노형동)"
734482,교래삼복가든,제주특별자치도 제주시 조천읍 비자림로 653
734492,미듬포장마차,제주특별자치도 제주시 조천읍 신북로 252-1
734498,오쿠다,"제주특별자치도 제주시 구남동4길 45, 1층 (이도이동)"
734730,우리양,"제주특별자치도 제주시 성신로1길 23, 1층 (연동)"
734747,라마띠네,"제주특별자치도 제주시 중앙로 304, 1층 101호 (이도이동)"
734749,신춘반점,"제주특별자치도 제주시 진동로5길 30, 1층 (화북일동)"
734759,화리,"제주특별자치도 제주시 감수북길 36, 지하1층 (삼양이동)"
734794,톡순,"제주특별자치도 제주시 연동7길 30, 5층 (연동)"
734797,천하장사뷔페,"제주특별자치도 제주시 제원1길 23, 2층 102호 (연동, 뉴제원)"
734817,역전할머니맥주외도점,"제주특별자치도 제주시 우령2길 24, 1층 (외도일동)"
734837,쿠쿠아림,"제주특별자치도 제주시 아란2길 38, 1층 (아라일동)"
734920,어드레감수강,"제주특별자치도 제주시 다랑곶4길 25, 106호 (노형동)"
734925,청보리,"제주특별자치도 제주시 연동4길 29, 105호 (연동)"
734933,순복이식당,"제주특별자치도 제주시 서문로4길 15 (용담일동, 제1호)"
734934,브이,"제주특별자치도 제주시 노연로 41, 2층 (노형동)"
734935,공룡고기,"제주특별자치도 제주시 과원로 22, 1층 (노형동)"
734958,이쁘당,"제주특별자치도 제주시 조천읍 함덕6길 5, 제1동 1층"
735092,돔베돈,제주특별자치도 제주시 관덕로15길 25 (건입동)
735364,우도래요,"제주특별자치도 제주시 우도면 우도해안길 360, 1층"
735377,사쿠라,"제주특별자치도 제주시 우령2길 34, 2층 (외도일동)"
735378,쿠킹노트32,"제주특별자치도 제주시 수덕7길 32, 1~2층 (노형동)"
735407,대자연가든,제주특별자치도 제주시 조천읍 신북로 618
735457,농부와꽃돼지,"제주특별자치도 제주시 조천읍 함대로 530, 1층"
735473,순풍해장국,제주특별자치도 제주시 일주동로 355 (삼양이동)
735556,제주족마니,"제주특별자치도 제주시 도남로 67, 가동 101호 (도남동)"
735559,해호텔,"제주특별자치도 제주시 서해안로 526, 지하1층 (용담삼동)"
735569,에린,제주특별자치도 제주시 도남로 116 (도남동)
735604,몸에조은국수,제주특별자치도 제주시 동문로 53 (건입동)
735605,군족,"제주특별자치도 제주시 동화로 74, 1층 (화북이동)"
736165,다이노바이트샌드위치,제주특별자치도 제주시 관덕로 16 (삼도이동)
736168,김가네한라대점,제주특별자치도 제주시 한라대학로 75 (노형동)
736178,가득한한잔,"제주특별자치도 제주시 성지로 72, 1층 (일도이동)"
736185,바나나껍데기,"제주특별자치도 제주시 은남2길 30, 1층 (연동)"
736194,마초그릴,"제주특별자치도 제주시 중앙로 39, 2층 (일도일동)"
736218,당근가게,"제주특별자치도 제주시 서광로5길 4, 1층 (용담일동)"
736227,연포낙지,"제주특별자치도 제주시 연동9길 39 (연동,(은남4로6))"
736229,양순이네순대국밥,제주특별자치도 제주시 동광로1길 32 (이도일동)
736233,신촌풍경,"제주특별자치도 제주시 조천읍 일주동로 817, 1층"
736235,순덕이네왕갈비,"제주특별자치도 제주시 진남로10길 34, 1호 (화북일동)"
736239,리에또,제주특별자치도 제주시 원노형로 49-1 (노형동)
736241,생각할때,제주특별자치도 제주시 남녕로 7 (노형동)
736265,삼겹살동동,제주특별자치도 제주시 조천읍 신촌3길 7-2
736285,남문숯불바베큐앤치킨노형점,"제주특별자치도 제주시 정존5길 21, 1층 (노형동)"
736301,양촌리마을,제주특별자치도 제주시 진군길 31-5 (노형동)
736309,허클베리핀,"제주특별자치도 제주시 노형5길 44, 1층 (노형동)"
736421,황금손가락함덕점,"제주특별자치도 제주시 조천읍 신북로 519, 1층"
736625,우무깨,제주특별자치도 제주시 우도면 우도해안길 356
736651,차이메이,제주특별자치도 제주시 신설로9길 37 (이도이동)
736653,안녕육지사람,제주특별자치도 제주시 우도면 우도해안길 792
737845,야끼니꾸호타루,"제주특별자치도 제주시 과원북4길 17, 101호 (노형동)"
737849,공룡마라탕5호점,제주특별자치도 제주시 우정로 67 (외도일동)
737875,심향(중식당),제주특별자치도 제주시 중앙로 151 (이도일동)
737911,고래고래,"제주특별자치도 제주시 월랑로4길 16, 1층 (노형동)"
737919,서울식당,제주특별자치도 제주시 조천읍 함덕13길 5
739575,민박사봉평막국수교래점,"제주특별자치도 제주시 조천읍 비자림로 685-14, 1층"
739587,산천초목오리약선요리,제주특별자치도 제주시 오복6길 8 (이도이동)
739596,갈비정식,"제주특별자치도 제주시 진남로6길 3, 1층 (화북일동)"
739599,맛조이,"제주특별자치도 제주시 동광로6길 27, 1층 (이도이동)"
739607,돈삼겹삼화3호점,"제주특별자치도 제주시 지석8길 13-22, 1층 (삼양이동)"
739617,오미정,제주특별자치도 제주시 평전길 31 (삼도일동)
739620,황금돼지,제주특별자치도 제주시 연동8길 6 (연동)
740241,오늘와인한잔,"제주특별자치도 제주시 신대로16길 44, 1층 (연동)"
740276,공단반점,"제주특별자치도 제주시 화남로 62, 1층 (화북일동)"
740277,자담치킨노형점,제주특별자치도 제주시 수덕5길 35 (노형동)
740286,짱숯불갈비,제주특별자치도 제주시 신대로14길 38 (연동)
740321,산지해장국노형직영점,"제주특별자치도 제주시 노형9길 16-1, 1층 (노형동)"
740387,리틀오사카,"제주특별자치도 제주시 진군남4길 7-5, 1층 (노형동)"
740409,스트라이크존,"제주특별자치도 제주시 고마로 95, 2층 (일도이동)"
740410,토마토도시락제주대후문점,"제주특별자치도 제주시 산천단동3길 31, 1층 (아라일동)"
740413,하남집,"제주특별자치도 제주시 청사로3길 1-6, 1층 (도남동)"
740414,우도이디중식,"제주특별자치도 제주시 우도면 우도로 193, 1층"
740418,미소돈,"제주특별자치도 제주시 선사로8길 20, 1~2층 (삼양일동)"
740426,써니킴밥,"제주특별자치도 제주시 수덕11길 1, 1층 (노형동)"
740461,제주인짬뽕,"제주특별자치도 제주시 지석12길 14, 1층 (삼양이동)"
740538,상호네숯불구이,"제주특별자치도 제주시 남광로 146, 1층 (이도이동)"
740560,왔다옛날손짜장,제주특별자치도 제주시 문송길 42 (연동)
740561,양푼속닭한마리,제주특별자치도 제주시 연동9길 26 (연동)
740673,우도향,제주특별자치도 제주시 우도면 우도해안길 848
740678,조실장회센타,제주특별자치도 제주시 고산동산6길 4 (이도이동)
740695,율군짬뽕,"제주특별자치도 제주시 천수로 82, 105동 101호 (일도이동, 혜성대유아파트)"
740713,땅땅치킨이도초점,제주특별자치도 제주시 구남동2길 48 (이도이동)
740719,토대력대학로점,"제주특별자치도 제주시 서광로32길 6 (이도이동,(학사서로 10))"
740724,본죽앤비빔밥제주노형점,"제주특별자치도 제주시 월랑로 39, 동마빌딩 104호 (노형동)"
740748,금하갈비,"제주특별자치도 제주시 오등14길 23 (오등동, 제2호)"
740769,나눔마당,"제주특별자치도 제주시 사장길 12, 1층 (연동)"
740770,광림본점,제주특별자치도 제주시 전농로 82 (삼도일동)
740773,커피트리,"제주특별자치도 제주시 한라대학로 73 (노형동,(한라대학로77))"
740777,장가계,제주특별자치도 제주시 다랑곶4길 66 (노형동)
740788,오부장치킨노형뜨란체점,제주특별자치도 제주시 정존11길 43 (노형동)
740802,곰솔과맹개,"제주특별자치도 제주시 연동3길 33 (연동,(연제2로 45))"
740804,물만난고기,제주특별자치도 제주시 다랑곶4길 24 (노형동)
740811,굽네치킨도남점,제주특별자치도 제주시 신성로 70 (도남동)
740812,불닭공장노형점,제주특별자치도 제주시 원노형6길 19 (노형동)
740816,고니노형점,"제주특별자치도 제주시 다랑곶4길 2 (노형동,(다랑굿5로4))"
740820,곶자왈,"제주특별자치도 제주시 조천읍 비자림로 631, 1층"
741114,부가네얼큰이,제주특별자치도 제주시 도남로 27 (도남동)
741138,외도조개구이,"제주특별자치도 제주시 우령2길 29-5, 101호 (외도일동, 오페라연립)"
741146,주식회사,"제주특별자치도 제주시 평전길 13, 1층 (삼도일동)"
741152,하루밥,"제주특별자치도 제주시 도근내길 28, 1층 (외도일동)"
741180,탐라궁,"제주특별자치도 제주시 문송1길 23, 1층 (연동)"
741184,헬로우프렌드,제주특별자치도 제주시 과원북2길 64 (연동)
741196,오렌지트리,제주특별자치도 제주시 관덕로8길 7-12 (이도일동)
741197,쉐프부부,"제주특별자치도 제주시 다랑곶길 15, 103호 (노형동)"
741207,태백산제주본점,"제주특별자치도 제주시 도공로 154-12, 1~2층 (이호이동)"
741419,문경회센터,"제주특별자치도 제주시 인다7길 10, 1층 (아라일동)"
741451,김밥천국이도점,제주특별자치도 제주시 중앙로 348 (이도이동)
741538,해루,"제주특별자치도 제주시 지석12길 14, 1층 (삼양이동)"
741558,접시고기,"제주특별자치도 제주시 광양13길 18 (이도이동,(1층))"
741576,도담치킨서사라점,"제주특별자치도 제주시 서광로13길 22, 1층 (삼도일동)"
741579,이노찌,"제주특별자치도 제주시 전농로 77, 1층 (삼도이동)"
741604,삼양다맛,"제주특별자치도 제주시 원당로7길 18, 1층 (삼양일동)"
741607,정직한통닭중앙점,"제주특별자치도 제주시 중앙로14길 29, 1층 (삼도이동)"
741628,신신낙지,제주특별자치도 제주시 문송1길 15 (연동)
741639,심야식당낭만혼술,"제주특별자치도 제주시 신대로20길 1, 1층 (연동)"
741655,낭만오름,"제주특별자치도 제주시 정실동1길 4, 1층 (오라이동)"
741735,더통큰집,제주특별자치도 제주시 월랑로4길 6 (노형동)
741745,맛고을명가,제주특별자치도 제주시 중앙로1길 12 (건입동)
741756,미미국수,"제주특별자치도 제주시 삼성로 39, 1층 (일도이동)"
741993,함덕감자탕,"제주특별자치도 제주시 조천읍 함덕로 28-1, 1층"
742021,손맛촌,제주특별자치도 제주시 조천읍 비자림로 661
742509,시네마,"제주특별자치도 제주시 광양13길 2 (이도이동,(시청남2로2))"
742537,클라우드베이,"제주특별자치도 제주시 명림로 575-107 (회천동, 고객센타1층104호)"
742540,조천틈,"제주특별자치도 제주시 조천읍 조천11길 6, 1층"
742554,리치망고우도검멀레점,"제주특별자치도 제주시 우도면 우도해안길 1132, 이동 1층"
743098,30년일소추어탕,제주특별자치도 제주시 삼무로 74 (연동)
743105,돈까스송쉡,"제주특별자치도 제주시 조천읍 조함해안로 538, 2층"
743307,뻐꾸기,제주특별자치도 제주시 신성로13길 1 (이도이동)
743359,백년초식당,제주특별자치도 제주시 원노형로 63-1 (노형동)
743364,바다어사또,제주특별자치도 제주시 조천읍 조함해안로 478
743558,하늘보리,제주특별자치도 제주시 조천읍 선교로 196
743592,명품전통육개장,"제주특별자치도 제주시 원노형로 37, 1층 (노형동)"
743625,대풍해장국,"제주특별자치도 제주시 삼봉로 39, 1층 (도련이동)"
743657,주영,"제주특별자치도 제주시 신설로11길 13, 1층 (아라이동)"
743693,범선,"제주특별자치도 제주시 우도면 우도해안길 832, 1층"
743742,엄마손,제주특별자치도 제주시 연동3길 35 (연동)
744228,장금이,"제주특별자치도 제주시 도공로 35, 1층 (도두일동)"
744296,해원담,"제주특별자치도 제주시 선사로 36, 1층 (삼양이동)"
744301,파랑도,"제주특별자치도 제주시 서해안로 658 (용담삼동,(서해안로25))"
744313,미락칼국수,제주특별자치도 제주시 아연로 120 (오라이동)
744322,규태네남녕점,제주특별자치도 제주시 월랑로4길 40 (노형동)
744342,아주좋아,제주특별자치도 제주시 신대로16길 34 (연동)
744376,순풍해장국이도점,제주특별자치도 제주시 남광로2길 43 (이도이동)
744409,안세미가든,"제주특별자치도 제주시 명림로 175-13, 1호 (봉개동)"
744416,서원토종닭,제주특별자치도 제주시 삼성로13길 35 (일도이동)
744421,카페인우도,"제주특별자치도 제주시 우도면 우도해안길 1040, 1층"
744553,칭다오양꼬치화북점,"제주특별자치도 제주시 동화로 5, 201호 (화북일동)"
744566,죽이야기제주연동점,"제주특별자치도 제주시 도령로 73, 108호 (연동)"
744576,한끼국수,"제주특별자치도 제주시 광평동로 36, 1층 (노형동)"
744590,포동정식시청점,제주특별자치도 제주시 광양11길 20 (이도이동)
744639,황토,"제주특별자치도 제주시 오일장서길 26, 6-41호, 6-42호 (도두일동)"
744671,하얼빈양꼬치,"제주특별자치도 제주시 신대로16길 42, 2층 (연동)"
744673,미루네닭숯불구이삼화점,"제주특별자치도 제주시 건주로4길 14-6, 1층 (도련일동)"
744693,별이네국수,"제주특별자치도 제주시 남녕로 39 (노형동,(남녕로 55))"
744694,설빙제주시청점,"제주특별자치도 제주시 광양14길 7, 2층 (이도이동)"
744726,케이백,"제주특별자치도 제주시 신광로 48 (연동,(신광로66))"
744758,신촌불닭발,제주특별자치도 제주시 원노형남1길 35 (노형동)
744830,금뽕똘,"제주특별자치도 제주시 번영로 500 (봉개동, (1층, 2층))"
744832,탐라국꾼연동점,"제주특별자치도 제주시 도령로13길 9, 104호 (연동)"
744834,영자네해장국,제주특별자치도 제주시 진동로 29 (화북일동)
744835,황궁쟁반탐라원,"제주특별자치도 제주시 원노형6길 7 (노형동,(원노형3로 11))"
744906,화북대표술집,제주특별자치도 제주시 진남로6길 12 (화북일동)
744912,서울24시,제주특별자치도 제주시 신성로 96 (도남동)
744957,소락,"제주특별자치도 제주시 남광로2길 7-17, 1층 (이도이동)"
744967,홀스버드,"제주특별자치도 제주시 고마로15길 2, 2층 (일도이동)"
744974,삼공주회센터,"제주특별자치도 제주시 진동로 74-6, 1층 (화북일동)"
744981,삼공주회센터2호,"제주특별자치도 제주시 진동로 74-6, 2층 (화북일동)"
744988,신풍해장국,"제주특별자치도 제주시 동광로16길 1 (일도이동,(동여중4로3))"
744989,하오츠,"제주특별자치도 제주시 조천읍 북촌12길 33-3, 2층"
745003,화북옛통치킨,제주특별자치도 제주시 진남로6길 12 (화북일동)
745013,마켓정정육식당,제주특별자치도 제주시 신설로11길 2-3 (아라이동)
745017,설촌명가,제주특별자치도 제주시 설촌로 11 (삼양이동)
745025,촌뜨기화로구이,제주특별자치도 제주시 도남로 117 (도남동)
745104,섬라왕갈비탕,"제주특별자치도 제주시 중앙로 606-4, 1층 (아라일동)"
745105,빨간맛집함덕점,"제주특별자치도 제주시 조천읍 함덕13길 4, 2층"
745201,달소금,제주특별자치도 제주시 성신로1길 22 (연동)
745202,외도용국수,제주특별자치도 제주시 수정2길 10 (외도일동)
745227,고니식당,"제주특별자치도 제주시 아란7길 3-7, 101호 (아라일동)"
745262,치맥집,"제주특별자치도 제주시 서사로 133, 1층 (삼도일동)"
745272,루스트플레이스아이파크점,"제주특별자치도 제주시 노형8길 9, 2~3층 (노형동)"
745361,연대토종닭,"제주특별자치도 제주시 연대마을길 11-4, 1층 (외도이동)"
745366,황금족발,제주특별자치도 제주시 일주동로 386-1 (삼양이동)
745370,오양손칼국수,제주특별자치도 제주시 공설로9길 1 (오라일동)
745399,이화닭발1979,제주특별자치도 제주시 신대로14길 42 (연동)
745419,이만갑,제주특별자치도 제주시 남광로2길 43-4 (이도이동)
745437,한잔의추억,"제주특별자치도 제주시 남성로 40, 1층 (용담일동)"
745441,동해,제주특별자치도 제주시 조천읍 신북로 486
745621,미도횟집,"제주특별자치도 제주시 관덕로14길 12, 1층 (이도일동)"
745639,그리다앤쿡,"제주특별자치도 제주시 신성로 111, 3층 (이도이동)"
745708,넉넉한밥상,"제주특별자치도 제주시 인다5길 12-21, 1층 (아라일동, 행복한집17)"
745719,노형순창,제주특별자치도 제주시 진군3길 1 (노형동)
745729,엘리와젬마의치킨스토리,"제주특별자치도 제주시 서광로29길 13, 1층 (이도일동)"
745737,함덕뚝배기,제주특별자치도 제주시 조천읍 조함해안로 538
745973,노가리앤비어노형점,제주특별자치도 제주시 월랑로10길 21 (노형동)
745976,김서방재첩해장국,제주특별자치도 제주시 원노형6길 27 (노형동)
746129,바르다김선생삼화점,"제주특별자치도 제주시 건주로 37, 1층 (도련일동)"
746207,죠스떡볶이삼화점,"제주특별자치도 제주시 화삼로 19, 1층 (화북일동)"
746221,사계절국수,"제주특별자치도 제주시 조천읍 남조로 2115, 2동 1층"
747117,옛날아우내순대제대점,제주특별자치도 제주시 산천단동2길 15 (아라일동)
747132,올레예촌국수,"제주특별자치도 제주시 가령로 46, 101호 (이도이동, 대유맨션)"
747142,스쿨아이,제주특별자치도 제주시 구남로2길 12 (이도이동)
747150,서희원꼬지닷컴동문점,제주특별자치도 제주시 동문로 55 (건입동)
747151,카페쏘해피,"제주특별자치도 제주시 서광로13길 32, 1층 (삼도일동)"
747423,확끌리네,"제주특별자치도 제주시 도남로15길 18, 104호 (도남동,고덕쉐르빌)"
747425,목포세발낙지,제주특별자치도 제주시 중앙로 21-1 (건입동)
747427,삼번지,"제주특별자치도 제주시 서해안로 350 (도두이동,(서해안로347))"
747446,옥이네복돼지,제주특별자치도 제주시 삼무로 11-1 (연동)
747451,호맥,제주특별자치도 제주시 은남3길 34 (연동)
747467,해락원2호점,제주특별자치도 제주시 중앙로24길 5 (삼도이동)
747468,서울뚝배기,제주특별자치도 제주시 아연로 10 (연동)
747484,황금숯불닭갈비,제주특별자치도 제주시 월랑로10길 25 (노형동)
747485,만리장성,"제주특별자치도 제주시 신대로20길 56 (연동,(사장4로86))"
747660,이모네보리밥집,제주특별자치도 제주시 월랑로6길 42 (노형동)
747684,금요일의아침조금,"제주특별자치도 제주시 가령골1길 12, 1층 (이도이동)"
747688,새마을식당제주연동점,"제주특별자치도 제주시 신대로14길 52, 1층 (연동)"
747690,국수정복,"제주특별자치도 제주시 탑동로13길 27, 1층 (삼도이동)"
747693,훈이네찌개,"제주특별자치도 제주시 광양8길 11, 1층 (이도이동)"
747694,중국성,"제주특별자치도 제주시 서광로11길 36, 1층 (삼도일동)"
748282,우도해장국밥,제주특별자치도 제주시 우도면 우도로 183
748285,오일장미옥이네,제주특별자치도 제주시 월랑로4길 35 (노형동)
748288,제라진뚝배기갈비찜,"제주특별자치도 제주시 도공로 25-1, 102호 (도두일동)"
748292,피플,"제주특별자치도 제주시 조천읍 신촌북3길 58, 1층"
750564,큰맘할매순대국제주외도점,"제주특별자치도 제주시 우정로 26, 가동 1층 (외도일동)"
750574,서부회센타,"제주특별자치도 제주시 논세길 46, 1층 (내도동)"
750593,아마츄어,제주특별자치도 제주시 연삼로 436 (이도이동)
750594,꽃마름제주이도점,"제주특별자치도 제주시 승천로 73, 3층 (아라이동)"
750637,본초불닭발제대점,"제주특별자치도 제주시 산천단동2길 15, 2층 (아라일동)"
750638,소랑호젠인제주,"제주특별자치도 제주시 서해안로 354, 2층 (도두이동)"
750691,고서방짬뽕,"제주특별자치도 제주시 인다5길 11-5, 1층 (아라일동)"
750785,평창메밀막국수외도,"제주특별자치도 제주시 우령2길 29-5, 상가동 102호 (외도일동, 오페라연립)"
750789,올드레코드,"제주특별자치도 제주시 광양13길 6-3, 2층 (이도이동)"
750791,탁탁,"제주특별자치도 제주시 동광로6길 29-1, 1층 (이도이동)"
750797,세숫대야냉면,"제주특별자치도 제주시 진군길 1-7 (노형동,(제일고길6))"
750869,스시나미,"제주특별자치도 제주시 승천로 81, 지하1층 (아라이동, 제1호)"
750908,엄마공간,제주특별자치도 제주시 조천읍 함덕13길 4
751320,함덕흑돼지연탄구이,"제주특별자치도 제주시 조천읍 신북로 535, 1층"
751606,황가네뚝배기,제주특별자치도 제주시 삼무로11길 24 (연동)
751641,뉴청석골칡냉면전문,제주특별자치도 제주시 조천읍 신북로 222
751659,로컬,"제주특별자치도 제주시 신성로13길 31, 4층 (이도이동)"
751660,소망식당,제주특별자치도 제주시 조천읍 신북로 39
751662,덩,"제주특별자치도 제주시 월랑북길 42 (노형동,(서중로11))"
751663,돈드림,"제주특별자치도 제주시 조천읍 함덕19길 7, 1층"
751713,푸주옥오라점,제주특별자치도 제주시 오라로 140 (오라일동)
751766,파스쿠찌제주도남점,"제주특별자치도 제주시 연북로 444, 2호 (도남동)"
751797,오태식해바라기치킨봉개점,"제주특별자치도 제주시 봉개서길 7-6, 1층 (봉개동)"
751802,정박사본점,"제주특별자치도 제주시 성신로 13-10, 1층 (연동)"
751838,사라봉주물럭,"제주특별자치도 제주시 사라봉길 7, 1층 제1호 (건입동)"
751846,크라운호프도남점,"제주특별자치도 제주시 청사로 85, 102호 (도남동)"
751870,불타는차돌쭈꾸미,제주특별자치도 제주시 신설로7길 2 (아라이동)
751880,비만고양이,"제주특별자치도 제주시 신성로13길 31, 3층 (이도이동)"
751885,맨도롱또똣,"제주특별자치도 제주시 조천읍 와선로 9, 1층"
751945,연북로명태명가삼화점,"제주특별자치도 제주시 건주로 43, 2층 (도련일동)"
752016,라돌체비타,"제주특별자치도 제주시 구남로8길 8, 1층 (이도이동)"
752021,맛있는소리,"제주특별자치도 제주시 진동로 6, 1층 (화북일동)"
752105,신수성,"제주특별자치도 제주시 남광북1길 39, 1층 (이도이동)"
752112,교촌치킨일도점,제주특별자치도 제주시 고마로 95 (일도이동)
752122,제주흑돼지본점고기가자,"제주특별자치도 제주시 노형13길 16, 1층 (노형동)"
752126,아란구길,"제주특별자치도 제주시 아란9길 6-3, 1층 (아라일동)"
752129,산지해장국아라점,"제주특별자치도 제주시 아란9길 15, 1층 (아라일동)"
752165,국수먹고가게,"제주특별자치도 제주시 흥운길 54, 101호 (용담이동)"
752193,추자숙이네밥상,제주특별자치도 제주시 월랑로4길 6 (노형동)
752199,까투리월랑점,제주특별자치도 제주시 월랑로4길 6 (노형동)
752200,돈맛,제주특별자치도 제주시 고산동산5길 30 (이도이동)
752201,싱싱쌈촌,"제주특별자치도 제주시 정원로 49, 1층 (노형동)"
752211,푸른소금,제주특별자치도 제주시 천수로6길 6 (이도이동)
752212,스와니호프하우스,"제주특별자치도 제주시 노형11길 19-4, 1층 (노형동)"
752214,부가네얼큰이노형점,"제주특별자치도 제주시 월랑북길 26, 101호 (노형동)"
752224,산들바람,제주특별자치도 제주시 조천읍 선교로 44
752246,천족마족,제주특별자치도 제주시 다랑곶길 38 (노형동)
752249,명도암정식,"제주특별자치도 제주시 명림로 218, 1층 (봉개동)"
752281,가마치통닭용담점,"제주특별자치도 제주시 서문로 21, A동 (용담일동)"
752287,제주귤품은흑돼지전문점제주공항점,"제주특별자치도 제주시 도두항서길 42, 2층 (도두일동)"
753401,삼화포크,제주특별자치도 제주시 건주로4길 12 (도련일동)
753417,내아이가먹는족발,"제주특별자치도 제주시 우령2길 28, 1층 (외도일동)"
753422,산지해장국,"제주특별자치도 제주시 임항로 34, 1층 (건입동)"
758054,가령골오리,"제주특별자치도 제주시 인다8길 38, 1층 (아라일동)"
758069,샐러데이즈제주시청점,제주특별자치도 제주시 중앙로 214 (이도이동)
758077,키친요디,"제주특별자치도 제주시 동화로1길 53-13, 1층 (화북일동)"
758181,세미식당,"제주특별자치도 제주시 조천읍 번영로 1208, 1층"
758231,탕탕이,제주특별자치도 제주시 천수로 39 (일도이동)
758232,제주앤스시,"제주특별자치도 제주시 고산동산5길 3-4, 1층 (이도이동)"
758248,서가앤쿡제주점,"제주특별자치도 제주시 서부두2길 26, 1~2층 (건입동)"
758331,집밥홍선생,"제주특별자치도 제주시 진군1길 6, 1층 (노형동)"
758338,미소벙커,"제주특별자치도 제주시 관덕로 41, 지하1층 (일도일동)"
758343,명태어가,"제주특별자치도 제주시 도령로 46, 1층,2층 (노형동)"
758346,황금무지개뜨는곳,제주특별자치도 제주시 원당로5길 36 (삼양일동)
758440,손두부촌,"제주특별자치도 제주시 오복4길 9, 지하1층 (이도이동)"
758454,삼성혈분식,"제주특별자치도 제주시 오현길 9, 지하1층 지102호 (이도일동)"
758463,춤추는식탁,"제주특별자치도 제주시 우정로7길 6, 1층 (외도일동)"
758491,홍대더브릿지,"제주특별자치도 제주시 광양8길 4, 2층 (이도이동)"
758501,광명식당,제주특별자치도 제주시 동문로4길 9 (일도일동)
759113,허니비어노형점,"제주특별자치도 제주시 노형로 407, 5층 517호 (노형동)"
759121,일공공샤브제주연동점,제주특별자치도 제주시 연북로 86 (연동)
759158,청년다방제주삼화지구점,"제주특별자치도 제주시 화삼북로 40, 1층 (화북일동)"
759199,황금돼지등갈비,"제주특별자치도 제주시 남녕로 5-5, 101호 (노형동)"
759215,처갓집양념치킨일도점,"제주특별자치도 제주시 고마로19길 41, 1층 (일도이동)"
759218,류빈,"제주특별자치도 제주시 구남로6길 12, 1층 (이도이동)"
759247,미풍해장국아라점,"제주특별자치도 제주시 아란7길 26, 1층 (아라일동)"
759272,교촌치킨도두해안도로점,"제주특별자치도 제주시 서해안로 160-1, 1층 (도두일동)"
759321,짬뽕바나나,"제주특별자치도 제주시 남광로 44, 1층 (이도이동)"
759346,또만나,"제주특별자치도 제주시 서광로2길 35, 1층 (오라일동)"
759358,맛있는이가국수집,"제주특별자치도 제주시 우령6길 63-2, 1층 (외도일동)"
759376,빨간맛집아라점,"제주특별자치도 제주시 중앙로 556, 2층 (아라일동)"
759399,제주포차,"제주특별자치도 제주시 신성로13길 16, 2~3층 (이도이동)"
759403,제주정낭집,제주특별자치도 제주시 지석11길 6 (삼양이동)
759462,마녀김밥,제주특별자치도 제주시 오현길 16 (이도일동)
759463,아일랜드스푼,제주특별자치도 제주시 구남동4길 10-12 (이도이동)
759476,그린기사,제주특별자치도 제주시 일주서로 7892 (연동)
759494,동문김밥,제주특별자치도 제주시 중앙로 85 (이도일동)
759502,돈놓고돈먹기,"제주특별자치도 제주시 남광로 138, 1층 (이도이동)"
759511,타이니,제주특별자치도 제주시 광양10길 6 (이도이동)
759517,조가네갑오징어신제주점,제주특별자치도 제주시 원노형남1길 45-1 (노형동)
759549,고돔,"제주특별자치도 제주시 테우해안로 148, 지하1층 (이호일동)"
759567,요기,"제주특별자치도 제주시 전농로 3, 101호 (용담일동)"
759729,대학로참닭갈비,"제주특별자치도 제주시 일주동로 254, 1층 (화북일동)"
759741,용팔이막창아라점,제주특별자치도 제주시 중앙로 601 (아라일동)
759748,오지하우스신제주점,"제주특별자치도 제주시 월랑로 43, 1층 (노형동)"
759835,고추잡채와소파,"제주특별자치도 제주시 동광로2길 3, 3층 (이도이동)"
759837,스시테이카이센동,"제주특별자치도 제주시 연북로 440, 2동 1층 (도남동)"
759890,차돌집노형점,"제주특별자치도 제주시 다랑곶7길 24, 1층 (노형동)"
759895,고래힘줄,"제주특별자치도 제주시 조천읍 신촌북3길 3, 1층"
759969,소보록,제주특별자치도 제주시 도근내길 27 (외도이동)
759974,함덕해물라면오빠집,"제주특별자치도 제주시 조천읍 평사길 2, 1층"
760492,뷰타워리조트,"제주특별자치도 제주시 서해안로 346-9, 1층 (도두이동)"
760501,동카름,"제주특별자치도 제주시 조천읍 신촌9길 40-3, 1층"
760729,아비앙또,"제주특별자치도 제주시 우도면 우도해안길 1100, 1층"
760749,이돈갓시청점,"제주특별자치도 제주시 광양14길 9, 3층 (이도이동)"
760789,창석이네,"제주특별자치도 제주시 국기로2길 8 (연동,(국기3로8))"
760791,별오름,"제주특별자치도 제주시 1100로 3213-27, B201호 (노형동)"
761271,강쉐프,"제주특별자치도 제주시 정든로 39, 1층 (이도이동)"
761280,인생곱창,"제주특별자치도 제주시 남광로 72, 1층 (이도이동)"
761338,가르텐노형점,제주특별자치도 제주시 월랑로10길 2 (노형동)
761340,204유부당,"제주특별자치도 제주시 진군길 52, 1층 (노형동)"
761344,도남앤횟집,"제주특별자치도 제주시 도남로 49, 1층 (도남동)"
761364,탐나버거,"제주특별자치도 제주시 아연로 438-13, 1층 (오등동)"
761487,마미식당동태전문점,"제주특별자치도 제주시 오복2길 31, 1층 (이도이동)"
761497,우도자연,제주특별자치도 제주시 우도면 우도해안길 602
761611,삼도오리삼계,"제주특별자치도 제주시 남성로4길 10, 1층 (용담일동)"
761614,봉추반점,제주특별자치도 제주시 우도면 우도로 174
761655,소문난두루치기,"제주특별자치도 제주시 우정로 17, 101호 (외도일동)"
761658,양,제주특별자치도 제주시 원노형6길 3-8 (노형동)
761666,대성아귀찜,"제주특별자치도 제주시 조천읍 함덕3길 4, 1층"
761828,계절식탁,"제주특별자치도 제주시 신성로13길 13-1, 2층 (이도이동)"
761847,쿤도,"제주특별자치도 제주시 화삼로1길 17, 1층 (화북일동)"
761851,한량마초,"제주특별자치도 제주시 아봉로 47, 1층 (아라이동)"
761857,제주어장,제주특별자치도 제주시 동한두기길 23 (용담일동)
761897,홍열이네시청점,"제주특별자치도 제주시 광양10길 9-2, 1~2층 (이도이동)"
761915,도연식당,"제주특별자치도 제주시 고마로18길 4, 1층 (일도이동)"
761939,노가리앤비어인제점,제주특별자치도 제주시 고마로 128 (이도이동)
761946,군자대한곱창제주시청점,제주특별자치도 제주시 광양10길 15 (이도이동)
761968,태화뷔페정식,제주특별자치도 제주시 우정로6길 28 (외도일동)
761976,소노벨제주비비큐2호점,"제주특별자치도 제주시 조천읍 신북로 577, 본관동 164호"
761984,팍차이나,"제주특별자치도 제주시 승천로 66, 1층 (아라이동)"
762058,블랙데이,"제주특별자치도 제주시 만덕로 23-2, 1층 (건입동)"
762102,곤밥2,제주특별자치도 제주시 서부두남길 8 (일도일동)
762467,돈사무소,"제주특별자치도 제주시 구남로 44, 1층 (이도이동)"
762509,요술식탁,"제주특별자치도 제주시 관덕로6길 10, 1층 (삼도이동)"
762701,스시러브,제주특별자치도 제주시 절물1길 25 (외도일동)
762708,바로족발보쌈,제주특별자치도 제주시 진군1길 25 (노형동)
762820,한림칼국수 제주공항점,"제주특별자치도 제주시 광평중길 82, 1층 (노형동)"
763121,까망고띠,"제주특별자치도 제주시 조천읍 와선로 254, 1층"
763141,귀아낭,"제주특별자치도 제주시 선덕로 22, 101호 (연동)"
763149,이왕돈까스,"제주특별자치도 제주시 제주대학로7길 9, 2층 (아라이동)"
763174,꾸브라꼬숯불두마리치킨,"제주특별자치도 제주시 동광로9길 8, 1층 101호 (이도일동, 건영빌라)"
763366,해바라기,"제주특별자치도 제주시 중앙로 214 (이도이동,(1층))"
764878,24시전주명가콩나물국밥,제주특별자치도 제주시 구산로 59 (아라일동)
767662,소원이,"제주특별자치도 제주시 아연로 306, 1층 (오등동)"
767668,잘도식당,"제주특별자치도 제주시 중앙로15길 16, 1층 (이도일동)"
767720,한라산뼈해장국,"제주특별자치도 제주시 서광로2길 11-24, 1층 (오라일동)"
767740,서서방숯불닭갈비아라점,"제주특별자치도 제주시 아란7길 3-3, 1층 103호 (아라일동)"
767855,활어천국,"제주특별자치도 제주시 서광로20길 31, 1층 (도남동)"
767859,쿰다카페,"제주특별자치도 제주시 노형로 21, 1층 (해안동)"
767926,인자숯불갈비,"제주특별자치도 제주시 원남6길 54, 1층 (도남동)"
767961,무한질주,"제주특별자치도 제주시 광양10길 5, 2층 (이도이동)"
767967,79대포제주일도점,"제주특별자치도 제주시 천수로8길 1, 1층 (일도이동)"
767985,골목돼지,"제주특별자치도 제주시 원노형7길 3, 1층 (노형동)"
768008,정순대국밥,"제주특별자치도 제주시 우정로10길 4, 1층 (외도일동)"
768032,제주초밥,"제주특별자치도 제주시 신형로 19, 1층 (노형동)"
768094,우디집,"제주특별자치도 제주시 동광로 97, 1층 102호 (일도이동, 이룸해피안)"
768128,카페다미,"제주특별자치도 제주시 승천로 5, 2층 (이도이동)"
769408,마라청춘,"제주특별자치도 제주시 중앙로 201, 2층 (이도일동)"
769418,전이좋아,"제주특별자치도 제주시 수덕9길 86-2, 1층 (노형동)"
769420,힐링푸드,"제주특별자치도 제주시 월랑로2길 22, 1층 101호 (노형동, 경인원룸)"
769432,펄호텔제주,"제주특별자치도 제주시 신대로20길 49, 제주펄호텔 1층 (연동)"
769481,용달통닭삼도점,"제주특별자치도 제주시 서사로 101, 1층 (삼도일동)"
769491,홍익돈까스제주점,"제주특별자치도 제주시 중앙로 501, 1층 (아라이동)"
769567,담아래,"제주특별자치도 제주시 수목원길 23, 1층 (연동)"
769697,와니피자치킨,"제주특별자치도 제주시 남성로4길 4, 1층 (용담일동)"
769707,작은카페,"제주특별자치도 제주시 칠성로길 30-1, 1,2층 (일도일동)"
769713,신이내린닭제주시청점,"제주특별자치도 제주시 광양4길 2, 2층 (이도일동)"
769727,제주맛집칼국수,"제주특별자치도 제주시 조천읍 비자림로 685, 1층"
769961,퀴즈노스서브제주화북점,"제주특별자치도 제주시 동화로 10, 1층 (화북일동)"
770007,라화쿵부제주점,"제주특별자치도 제주시 연동3길 37, 2층 (연동)"
770112,곰표반점,"제주특별자치도 제주시 화삼북로 63, 삼화빌딩 2층 201호 (삼양이동)"
770122,가영이네횟집,"제주특별자치도 제주시 성지로 46-1, 1층 (일도일동)"
770140,부영식당,"제주특별자치도 제주시 조천읍 신흥관전길 60-1, 1층"
770876,브라보유어라이프,"제주특별자치도 제주시 제주대학로 77, 1층 (아라일동)"
771052,정든반점,"제주특별자치도 제주시 정존11길 68, 상가동 101호 (노형동, 정든마을3단지)"
771056,몽돌,"제주특별자치도 제주시 우정로5길 10, 1층 (외도일동)"
771093,제주골목국수,"제주특별자치도 제주시 신성로 42-1, 1층 (도남동)"
771115,성미가든2,"제주특별자치도 제주시 조천읍 교래1길 2, 1층"
771435,일품순두부일도점,"제주특별자치도 제주시 연신로 19, 1층 (일도이동)"
771453,외도사랑국수,"제주특별자치도 제주시 우정로13길 14, 1층 (외도일동)"
771477,중종,"제주특별자치도 제주시 연오로 39, 1층 (오라삼동)"
771510,용은이네솥뚜껑오겹살,"제주특별자치도 제주시 연삼로 535, 1층 (일도이동)"
771518,바삭한하루,"제주특별자치도 제주시 박성내서길 10, 1층 (이도이동)"
771549,옹기밥상,"제주특별자치도 제주시 미리내길 171-4, 1층 (노형동)"
771590,흑본오겹함덕점,"제주특별자치도 제주시 조천읍 신북로 454, 1층"
772384,티바두마리치킨삼화점,"제주특별자치도 제주시 건주로 66, 1층 107호 (도련일동)"
772400,우돈향,"제주특별자치도 제주시 조천읍 조함해안로 530, 2층"
772832,영심이네집밥,"제주특별자치도 제주시 인다10길 27, 강호체육관 1층 (아라일동)"
772854,연동신도시식당,"제주특별자치도 제주시 국기중길 28, 1층 (연동)"
772998,우향2호점,"제주특별자치도 제주시 산천단동2길 13, 1층 102호 (아라일동)"
773022,민속감자탕,"제주특별자치도 제주시 삼무로9길 26, 1층 (연동)"
773398,가치,"제주특별자치도 제주시 동한두기길 17, 1층 (용담일동)"
773524,신해조,제주특별자치도 제주시 임항로 38-4 (건입동)
773565,함덕마당,"제주특별자치도 제주시 조천읍 조함해안로 586, 1층"
774325,광양왕소금깡통구이,"제주특별자치도 제주시 광양13길 13 (이도이동,(시청남2로21))"
774349,해산물포차,제주특별자치도 제주시 서광로32길 23 (이도이동)
774357,제주앞바다해물탕,제주특별자치도 제주시 동한두기길 29 (용담일동)
774443,바닷가식당,"제주특별자치도 제주시 서부두길 10-4, 1층 (건입동)"
774635,금성해장국,제주특별자치도 제주시 화남로 62 (화북일동)
774651,태을갈비,제주특별자치도 제주시 진군중길 12 (노형동)
774692,닥그네할망,"제주특별자치도 제주시 신성로10길 18 (도남동,(1층))"
775146,돈오름숯불갈비,"제주특별자치도 제주시 신대로12길 33, 1층 (연동)"
775183,목동그릴식당,제주특별자치도 제주시 관덕로13길 3 (일도일동)
775193,통큰아줌마순대국밥,"제주특별자치도 제주시 다랑곶4길 35, 1층 (노형동)"
775209,유끼,"제주특별자치도 제주시 은남2길 32 (연동,(연중3로23))"
775211,대선,"제주특별자치도 제주시 신대로12길 37 (연동,(연중2로53))"
775231,버무리떡볶이연동점,"제주특별자치도 제주시 국기로 14, 107호 (연동)"
775257,신영돌판구이,제주특별자치도 제주시 신대로15길 2 (연동)
775289,뜰향기,제주특별자치도 제주시 조천읍 남조로 2326
775541,천지연무태장어천지연,제주특별자치도 제주시 연삼로 461 (이도이동)
775555,청년다방연동점,"제주특별자치도 제주시 성신로1길 25, 1층 (연동)"
775589,어부지리,"제주특별자치도 제주시 선사로8길 85, 1층 (삼양일동)"
776389,요기소바,"제주특별자치도 제주시 원노형6길 3-4, 1층 (노형동)"
776486,스시도모다찌칠성점,"제주특별자치도 제주시 관덕로13길 3, 1층 (일도일동)"
776687,관심사,"제주특별자치도 제주시 중앙로 77, 지하1층 (이도일동)"
776723,남가네설악추어탕도남점,"제주특별자치도 제주시 도남로 102, 1층 (도남동)"
776743,세화달팽이,"제주특별자치도 제주시 남광로 19, 1층 (이도이동)"
776755,아라가야,"제주특별자치도 제주시 도남로16길 15, 1층 102호 (도남동, 재영샤르빌)"
776807,투접시족발일도점,"제주특별자치도 제주시 천수로 68, 신천지아파트 113동 1층 111호 (일도이동)"
776811,대한축산정육식당,"제주특별자치도 제주시 도남로 51, 1층 (도남동)"
776839,2월22일(Twenty second of February),"제주특별자치도 제주시 오라로18길 10-1, 1층 (오라일동)"
776878,콧수염양꼬치,"제주특별자치도 제주시 성신로1길 30, 2층 (연동)"
776902,이치진,"제주특별자치도 제주시 건주로 66, 1층 101호 (도련일동)"
777726,예산가마솥장수촌설렁탕신제주점,"제주특별자치도 제주시 연동10길 13, 1층 (연동)"
777742,부가네얼큰이봉개점,"제주특별자치도 제주시 봉개대동6길 41, 1층 (봉개동)"
777806,육고깃집노형점,"제주특별자치도 제주시 진군4길 8, 1층 (노형동)"
777838,에이프릴,"제주특별자치도 제주시 삼무로9길 30, 1층 (연동, 태원빌라)"
777846,홍어일번지,"제주특별자치도 제주시 연오로 31, 1층 (오라삼동)"
777860,공기,"제주특별자치도 제주시 진남로6길 22-4, 1층 (화북일동)"
777896,노형포차,"제주특별자치도 제주시 다랑곶5길 9, 1층 (노형동)"
777924,노가리앤비어아라점,"제주특별자치도 제주시 아란9길 6-5, 1층 (아라일동)"
777936,2500분식,"제주특별자치도 제주시 구남로7길 36, 상가동 1층 105호 (이도이동, 주공1아파트)"
777940,식도원,"제주특별자치도 제주시 연삼로 498, 1층 (이도이동)"
777972,팜스테이블,"제주특별자치도 제주시 수목원길 41, 2층 (연동)"
778116,노랑통닭외도점,"제주특별자치도 제주시 우정로11길 13, 1층 (외도일동)"
778171,막창먹는놈외도점,"제주특별자치도 제주시 우정로 82, 1층 (외도일동)"
778189,한촌설렁탕제주종합운동장점,"제주특별자치도 제주시 오라로 118, 1층 (오라일동)"
778233,바우골곱창쭈꾸미제주본점,제주특별자치도 제주시 정존11길 36 (노형동)
778259,모토이시제주시청점,"제주특별자치도 제주시 서광로32길 29, 1층 (이도이동)"
778331,맛있는온도,"제주특별자치도 제주시 연수로5길 4, 1층 (일도이동)"
778356,시드니양갈비,"제주특별자치도 제주시 노형10길 10, 2층 (노형동)"
778388,심청이쌈밥,"제주특별자치도 제주시 아란5길 19-12, 1층 (아라일동)"
778406,카페온,"제주특별자치도 제주시 다랑곶6길 39, 1층 (노형동)"
778439,매콤명태촌,"제주특별자치도 제주시 절물3길 7, 1층 (외도일동)"
778445,카페다조천점,"제주특별자치도 제주시 조천읍 신북로 246, 1층"
778503,맥파이블루버드,"제주특별자치도 제주시 탑동로2길 7, 1~2층 (삼도이동)"
778674,돌수산,"제주특별자치도 제주시 사장길 17, 1층 (연동)"
778688,아라연,"제주특별자치도 제주시 조천읍 남조로 1842, 1층"
778844,맠,"제주특별자치도 제주시 동문로4길 9, 동문공설시장, 동문공영주차장 지하1층 D-3호 (일도일동)"
778924,돌트멍으로드는보름,"제주특별자치도 제주시 조천읍 와흘4길 59-1, 1층"
778966,오늘와인한잔제주아라점,"제주특별자치도 제주시 인다2길 36, 아라빌딩 1층 (아라일동)"
778974,아맛나찜닭제주점,"제주특별자치도 제주시 신대로20길 22, 1층 (연동)"
778978,그랜드키친,"제주특별자치도 제주시 노연로 12, 제주 드림타워 복합리조트 4층 (노형동)"
779200,녹나무,"제주특별자치도 제주시 노연로 12, 제주 드림타워 복합리조트 3층 (노형동)"
779276,시장밥상,"제주특별자치도 제주시 동문로4길 3, 1층 (일도일동)"
779288,무한99부대찌개,"제주특별자치도 제주시 조천읍 함덕26길 11, 1층"
779296,크랩팟테우,"제주특별자치도 제주시 테우해안로 106, 1층 (내도동)"
779406,유안이네교래점,"제주특별자치도 제주시 조천읍 남조로 2190, 1층"
779438,반주야,"제주특별자치도 제주시 건주로3길 19, 1층 102호 (도련일동)"
779458,피자알볼로제주외도점,"제주특별자치도 제주시 우정로 81, 1층 (외도일동)"
779498,치즈앤브레드,"제주특별자치도 제주시 조천읍 함덕29길 17, 1층"
779606,우도특별시,"제주특별자치도 제주시 우도면 우도해안길 998, 1층"
779633,비비큐제주노형점,"제주특별자치도 제주시 달마루길 18, 1층 101호 (노형동)"
779662,갤러리라운지,"제주특별자치도 제주시 노연로 12, 제주 드림타워 복합리조트 1층 (노형동)"
779666,크로쿠,"제주특별자치도 제주시 동문로4길 9, 동문공설시장, 동문공영주차장 지하1층 D-02호 (일도일동)"
779686,부산가야밀면,"제주특별자치도 제주시 중앙로 136, 1층 (삼도이동)"
779696,태양전복용담점,제주특별자치도 제주시 용해로 36 (용담삼동)
779720,맨도롱18,"제주특별자치도 제주시 조천읍 신촌9길 40-8, 1층"
779732,핵밥제주연동점,"제주특별자치도 제주시 도령로 103, 103호 (연동, 연동한일씨티파크)"
779802,카페8,"제주특별자치도 제주시 노연로 12, 제주 드림타워 복합리조트 8층 (노형동)"
779850,더쉐드,"제주특별자치도 제주시 남광로 17, 1층 (이도이동)"
779914,쌈짓골,제주특별자치도 제주시 조천읍 함대로 303
779938,한촌설렁탕노형점,"제주특별자치도 제주시 원노형6길 29, 포럼빌딩 1층 (노형동)"
779942,오늘은막창먹자,"제주특별자치도 제주시 동고산로 11, 1층 (이도이동)"
779972,마지노선,"제주특별자치도 제주시 원당로3길 26, 1층 (삼양일동)"
780001,올리다버거,"제주특별자치도 제주시 남성로 154-6, 1~2층 (삼도이동)"
780094,차차,"제주특별자치도 제주시 원노형6길 29, 1층 (노형동)"
780430,브라보,"제주특별자치도 제주시 산지로 19, 1층 (건입동)"
780910,만보민물장어,"제주특별자치도 제주시 용두암길 60, 1층 (용담이동)"
780928,맨더린,"제주특별자치도 제주시 제원길 41, 5층 (연동)"
780934,육십계치킨외도점,"제주특별자치도 제주시 우정로15길 29, 1층 (외도일동)"
780957,알라카트,"제주특별자치도 제주시 용화로 63, 1층 (용담이동)"
780965,신대장군집,"제주특별자치도 제주시 삼무로 50, 1층 (연동)"
780999,청담피자신제주점,"제주특별자치도 제주시 연동4길 6-12, 1층 103호 (연동, 굿윌카운티)"
781020,라이라이,"제주특별자치도 제주시 절물3길 4, 1층 (외도일동)"
781398,제주각재기,"제주특별자치도 제주시 용해로 55, 1층 (용담이동)"
781404,임떡제주시청점,"제주특별자치도 제주시 중앙로 205, 2층 (이도일동)"
781412,참돈,"제주특별자치도 제주시 월랑로 56, 1층 (노형동)"
781426,샤브마니아제주노형점,"제주특별자치도 제주시 한라대학로 25, 1층 (노형동)"
781505,석봉이네,"제주특별자치도 제주시 진군4길 30, 1층 (노형동)"
781519,금나라포차,"제주특별자치도 제주시 남성로 120, 1층 (삼도일동)"
781521,그레이베이스,"제주특별자치도 제주시 서해안로 238, 1~2층 (도두일동)"
781634,장똘뱅이,"제주특별자치도 제주시 신광로6길 25, 1층 107호 (연동, 제원아파트)"
781720,동구미,"제주특별자치도 제주시 조천읍 중산간동로 929, 2층"
781836,일품순두부용담점,"제주특별자치도 제주시 용해로 85, 1층 (용담이동)"
781907,카페컴피,"제주특별자치도 제주시 조천읍 신북로 481-3, 2층"
781957,동근이숯불두마리치킨,"제주특별자치도 제주시 연삼로 12, 1층 101호 (연동, 성남빌라)"
781961,기분,"제주특별자치도 제주시 만덕로 9, 1층 (건입동)"
781987,유스테이추자,제주특별자치도 제주시 추자면 신양2길 28-12
782007,오늘와인한잔제주외도점,"제주특별자치도 제주시 우령2길 19, 1층 (외도일동)"
782028,김정윤양갈비,제주특별자치도 제주시 절물1길 24 (외도일동)
782056,스니프,"제주특별자치도 제주시 중앙로 543, 1층 (아라일동)"
782113,청년피자신제주점,"제주특별자치도 제주시 원노형8길 6, 1층 102호 (노형동, 상원주택)"
782123,회심,"제주특별자치도 제주시 아봉로 200, 1층 (영평동)"
782394,임돈,"제주특별자치도 제주시 노연로 103, 1층 105호 (연동, 제주연동리슈빌디에스)"
782436,우정곱창연동점,"제주특별자치도 제주시 연화중길 15, 1층 (연동)"
782464,노가리앤비어제주화북점,"제주특별자치도 제주시 진동로1길 13, 원진빌딩 1층 (화북일동)"
782466,바른치킨외도직영점,"제주특별자치도 제주시 우정로 26, 1층 (외도일동)"
782494,피치랑삼화점,"제주특별자치도 제주시 일주동로 326, 1층 (삼양이동)"
782504,디온스크린골프제주점,"제주특별자치도 제주시 청사로 77, 동남빌딩 3층 (도남동)"
782506,꽃치다,"제주특별자치도 제주시 동문로4길 9, 동문공설시장, 동문공영주차장 지하 1층 A-6호 (일도일동)"
782551,그시절동태촌신제주점,"제주특별자치도 제주시 연화로1길 26-1, 1층 (연동)"
782571,송촌초밥,제주특별자치도 제주시 태성로4길 1 (일도이동)
782612,톳띠아모,"제주특별자치도 제주시 동문로4길 9, 동문공설시장, 동문공영주차장 지하1층 B-4호 (일도일동)"
782651,제주솥밥모락모락,"제주특별자치도 제주시 동문로4길 9, 동문공설시장, 동문공영주차장 지하1층 A-4호 (일도일동)"
782749,제주포,"제주특별자치도 제주시 동문로4길 9, 동문공설시장, 동문공영주차장 지하1층 A-8호 (일도일동)"
782794,까사디동문,"제주특별자치도 제주시 동문로4길 9, 동문공설시장, 동문공영주차장 지하1층 A-5호 (일도일동)"
782894,탐라온,"제주특별자치도 제주시 동문로4길 9, 동문공설시장, 동문공영주차장 지하1층 A-1호 (일도일동)"
782927,판다루,"제주특별자치도 제주시 동문로4길 9, 동문공설시장, 동문공영주차장 지하1층 B-1호 (일도일동)"
782972,수타코,"제주특별자치도 제주시 동문로4길 9, 동문공설시장, 동문공영주차장 지하1층 B-3호 (일도일동)"
783010,유월,"제주특별자치도 제주시 동문로4길 9, 동문공설시장, 동문공영주차장 지하1층 D-1호 (일도일동)"
785698,제주보따리,"제주특별자치도 제주시 동문로4길 9, 동문공설시장, 동문공영주차장 지하1층 A-7호 (일도일동)"
785767,제주노형흑돼지,"제주특별자치도 제주시 월산북길 46, 1층 (도평동)"
785771,포102,"제주특별자치도 제주시 중앙로13길 25-2, 보인빌딩 1층 (일도일동)"
785792,맛쟁이정식,"제주특별자치도 제주시 고산동산2길 6, 1층 (이도이동)"
785840,역전할머니맥주제주함덕점,"제주특별자치도 제주시 조천읍 신북로 524, 1층"
785896,마초면탁해안,"제주특별자치도 제주시 노형로 89, 제주매직월드 2층 (해안동)"
786201,남가네설악추어탕도련점,"제주특별자치도 제주시 삼봉로 134, 1층 (도련일동)"
786222,솜빡매생이갈비탕,"제주특별자치도 제주시 도공로 26, 1층 (도두일동)"
786244,민이네김치찌개,"제주특별자치도 제주시 남광북1길 38, 1층 (이도이동)"
786273,함덕술집김씨술생활,"제주특별자치도 제주시 조천읍 함덕19길 7, 3층"
786521,와이키키바다,"제주특별자치도 제주시 우도면 우도해안길 744, 1층"
786523,제주명월집,"제주특별자치도 제주시 수덕7길 14, 103호 (노형동, 대왕아파트)"
786527,두찜외도점,"제주특별자치도 제주시 우정로 52, 1층 (외도일동)"
786550,돈돼지국밥연동점,"제주특별자치도 제주시 연동8길 9, 1층 (연동)"
786562,감동까스연동점,제주특별자치도 제주시 연동4길 22 (연동)
786563,돗깨비,"제주특별자치도 제주시 도리로 62, 1층 (이호일동)"
786581,착한정육식당,"제주특별자치도 제주시 도련3길 43, 1층 (도련일동)"
786583,비비큐제주시청점,"제주특별자치도 제주시 서광로 292-1, 1층 (이도이동)"
786595,스시혼,"제주특별자치도 제주시 1100로 3191, 1층 (노형동)"
787155,다가미삼양점,"제주특별자치도 제주시 선사로8길 22, 1층 (삼양일동)"
787201,한데모아정실점,"제주특별자치도 제주시 아연로 182, 1층 (오라이동)"
787226,똣똣,"제주특별자치도 제주시 국기로1길 2, 1층 (연동)"
788138,술고래,제주특별자치도 제주시 추자면 추자로 58
788362,푸짐한밥상,"제주특별자치도 제주시 중앙로 60, 지하층 스넥5,7,9,10,11호 (일도일동)"
788758,진냉면,제주특별자치도 제주시 탑동로 38 (삼도이동)
789622,태성각,제주특별자치도 제주시 도남로 86 (도남동)
789910,명태어장,"제주특별자치도 제주시 조천읍 함대로 16, 1층"
790358,뿔소라몽땅,"제주특별자치도 제주시 우도면 우도해안길 130-9, 1층"
792278,정원,제주특별자치도 제주시 삼무로 7 (연동)
792662,델라,"제주특별자치도 제주시 신대로14길 30 (연동,제동네스트빌 101호)"
792694,해돋이,"제주특별자치도 제주시 동문로14길 10 (일도이동,자양주택 102호)"
792794,다미진,제주특별자치도 제주시 청귤로3길 42-1 (이도이동)
811802,어머니와장독대,제주특별자치도 제주시 아연로 156-9 (오라이동)
813594,다소니,"제주특별자치도 제주시 고전길 2, 1층 (이도일동)"
813786,최고의밥상,제주특별자치도 제주시 서광로29길 36 (이도일동)
814266,돈이랑,"제주특별자치도 제주시 청귤로1길 9, 1층 (이도이동)"
865674,비에이치씨제주표선점,제주특별자치도 서귀포시 표선면 표선중앙로 77
865818,감낭집,제주특별자치도 서귀포시 표선면 민속해안로 631-34
865998,표선주막,제주특별자치도 서귀포시 표선면 표선관정로 111
866112,새가름,제주특별자치도 서귀포시 표선면 녹산로 6
866142,장수버섯샤브샤브,"제주특별자치도 서귀포시 표선면 표선중앙로 111, 1층"
866214,고향길든솔,제주특별자치도 서귀포시 표선면 성읍이리로 32
866614,당케축산정육식당,"제주특별자치도 서귀포시 표선면 민속해안로 580, 1층"
866646,조은님,제주특별자치도 서귀포시 표선면 표선중앙로90번길 4
866654,표선두루치기,"제주특별자치도 서귀포시 표선면 표선동서로 257, 1층"
866706,농협은행제주수련원해오름,"제주특별자치도 서귀포시 표선면 일주동로 6337, 지1층"
866774,바타타식탁,"제주특별자치도 서귀포시 표선면 표선동서로264번길 22, 2층"
868014,금데기식당,제주특별자치도 서귀포시 표선면 표선당포로 19-5
868474,모드락572,제주특별자치도 서귀포시 표선면 가시로 572
868490,탐라흑돈정육식당,제주특별자치도 서귀포시 표선면 번영로 2570
868514,목스키친,"제주특별자치도 서귀포시 표선면 일주동로6455번길 21, 1층"
869714,코코티에,"제주특별자치도 서귀포시 표선면 표선당포로 21-3, 1층"
871006,새로미김밥,제주특별자치도 서귀포시 표선면 표선동서로 253
871038,부산회센타,제주특별자치도 서귀포시 표선면 표선중앙로90번길 9-2
871042,갤러리&카페 아토,제주특별자치도 서귀포시 표선면 토산중앙로 249
871062,우림가든,제주특별자치도 서귀포시 표선면 표선관정로 77
871066,하노루,제주특별자치도 서귀포시 표선면 민속해안로 537
871126,표선올레식당,제주특별자치도 서귀포시 표선면 표선관정로104번길 6-11
871138,셰프스키친,제주특별자치도 서귀포시 표선면 일주동로 6347-17
871178,소노캄제주비비큐,제주특별자치도 서귀포시 표선면 일주동로 6347-17
871218,수연흥부네,제주특별자치도 서귀포시 표선면 표선동서로 254-13
871230,표선삼다도,제주특별자치도 서귀포시 표선면 표선중앙로96번길 1
871254,토촌,제주특별자치도 서귀포시 표선면 표선중앙로 90
871260,토니토니,제주특별자치도 서귀포시 표선면 가시로613번길 47
872092,국수마당,제주특별자치도 서귀포시 표선면 표선중앙로 89
872140,목장원식당바스메,제주특별자치도 서귀포시 표선면 번영로 2524
872170,쿡스토리,제주특별자치도 서귀포시 표선면 표선중앙로 34
872270,섭지향 요리하는강태공,"제주특별자치도 서귀포시 표선면 표선동서로 195, 1층"
872300,탐라간장게장,제주특별자치도 서귀포시 표선면 표선당포로 10-4
872780,커피가게쉬고가게,제주특별자치도 서귀포시 표선면 민속해안로 593
878732,안동본가국밥,제주특별자치도 서귀포시 월드컵로 18-1 (강정동)
879240,흑한우명품관,제주특별자치도 서귀포시 일주동로 8421 (토평동)
879427,짱실장돈까스,제주특별자치도 서귀포시 중정로91번길 51-1 (서귀동)
879519,돈몽,제주특별자치도 서귀포시 동홍중앙로 29-1 (동홍동)
879603,육값하네식육가든,제주특별자치도 서귀포시 남원읍 남조로 141
879655,후다닭치킨,제주특별자치도 서귀포시 태평로353번길 3 (서귀동)
879659,우솔해장국,제주특별자치도 서귀포시 동홍남로82번길 1 (동홍동)
879827,참맛분식,제주특별자치도 서귀포시 천제연로 213 (중문동)
880031,발라르,제주특별자치도 서귀포시 칠십리로 39 (서귀동)
880051,수마포국수,제주특별자치도 서귀포시 성산읍 일출로 258-13
880155,오렌지가든,제주특별자치도 서귀포시 천제연로 292 (대포동)
880159,흙집사랑,제주특별자치도 서귀포시 중앙로150번길 72 (동홍동)
880174,제주민족,"제주특별자치도 서귀포시 성산읍 고성중앙로46번길 12, 1층"
880264,하찌,제주특별자치도 서귀포시 호근남로 180 (호근동)
880390,제주로운,"제주특별자치도 서귀포시 성산읍 신양로 101, 2층"
883192,강정해녀의집,"제주특별자치도 서귀포시 말질로 270, 1층 (강정동)"
883234,날로먹고회로먹고,제주특별자치도 서귀포시 동홍중앙로52번길 28 (동홍동)
883267,이태리치킨법환본점,"제주특별자치도 서귀포시 이어도로 932, 1층 (법환동)"
883306,괸당집성산점,제주특별자치도 서귀포시 성산읍 고성오조로 80
884194,신영음식점,제주특별자치도 서귀포시 중앙로71번길 4 (서귀동)
884242,제주명가두루치기,제주특별자치도 서귀포시 태평로 495 (동홍동)
899338,동서네해장국,제주특별자치도 서귀포시 성산읍 고성동서로 11
899350,만조이천쌀밥,"제주특별자치도 서귀포시 성산읍 성산중앙로 5, 1층"
899590,솔왓동산식당,"제주특별자치도 서귀포시 호근남로 16-4, 1층 (호근동)"
899605,제주약수터,"제주특별자치도 서귀포시 중앙로 35, 1층 (서귀동)"
900976,찰리스,"제주특별자치도 서귀포시 예래로 454, 1,2층 (하예동)"
901843,배터지는생동까스서귀포점,제주특별자치도 서귀포시 문부로 12 (동홍동)
901846,원두막,제주특별자치도 서귀포시 중정로91번길 30 (서귀동)
902230,남원골감나무집,제주특별자치도 서귀포시 남원읍 태위로 707
902323,대동강초계탕중문점,제주특별자치도 서귀포시 1100로 38 (중문동)
902341,천외천,제주특별자치도 서귀포시 문부로 6 (동홍동)
902374,바삭치킨,제주특별자치도 서귀포시 동홍로 19 (서귀동)
902563,갈비시대,제주특별자치도 서귀포시 남원읍 한신로 189-3
902581,춘천명동닭갈비중문점,제주특별자치도 서귀포시 중문로 3 (중문동)
902656,야간학교,제주특별자치도 서귀포시 일주동로 8578 (동홍동)
902695,바다밥상,제주특별자치도 서귀포시 천지연로 16 (서귀동)
902848,남매네흑돼지,제주특별자치도 서귀포시 중정로61번길 24-1 (서귀동)
903998,견우감자탕,제주특별자치도 서귀포시 중앙로 198-26 (동홍동)
904004,정인이네식당,제주특별자치도 서귀포시 천제연로188번길 12 (중문동)
904016,밥의정석,제주특별자치도 서귀포시 중앙로 198-26 (동홍동)
904148,청원나들목맛집,제주특별자치도 서귀포시 서문로29번길 37 (서귀동)
904176,경미네집,제주특별자치도 서귀포시 성산읍 일출로 259
905474,옥돔마을,제주특별자치도 서귀포시 남원읍 남태해안로 509
905582,이어도해물전문점,제주특별자치도 서귀포시 태평로 485 (동홍동)
905747,농원백숙,제주특별자치도 서귀포시 성산읍 서성일로 1224
905783,놀멍쉬멍머그멍,제주특별자치도 서귀포시 천제연로 132 (중문동)
905975,내담,제주특별자치도 서귀포시 신동로 33 (서호동)
906053,팔팔아나고장어구이,제주특별자치도 서귀포시 태평로 464 (서귀동)
906059,왕돌식당,"제주특별자치도 서귀포시 이어도로 668, 1층 (강정동)"
906092,성산스튜디오,"제주특별자치도 서귀포시 성산읍 섭지코지로25번길 64, 1층"
906206,하원가흑돼지,"제주특별자치도 서귀포시 이어도로 278, 1층 (하원동)"
906681,성산갯마을,"제주특별자치도 서귀포시 성산읍 한도로 66, 1층"
907275,앤그리고,"제주특별자치도 서귀포시 이중섭로 11, 1층 110호 (서귀동)"
907301,바다를본돼지,"제주특별자치도 서귀포시 칠십리로 123, 2층 (서귀동)"
907838,성산플로우,제주특별자치도 서귀포시 성산읍 일출로 242-1
913230,노네임,"제주특별자치도 서귀포시 이중섭로 11, 삼일아트리움 1층 102호 (서귀동)"
913246,오른발왼발서귀포점,"제주특별자치도 서귀포시 이중섭로 11, 삼일아트리움 1층 108호 (서귀동)"
913252,고기땡기네,"제주특별자치도 서귀포시 이중섭로 11, 삼일아트리움 1층 106호 (서귀동)"
913275,통큰낙지서귀포점,"제주특별자치도 서귀포시 이중섭로 11, 삼일아트리움 1층 104~105호 (서귀동)"
913571,섬사람,"제주특별자치도 서귀포시 김정문화로 52, 민우상가 3호 (법환동)"
913723,이디야서귀포동홍점,"제주특별자치도 서귀포시 동홍동로 9, 1층 (동홍동)"
913772,성산짬뽕,"제주특별자치도 서귀포시 성산읍 성산중앙로25번길 13, 1층"
914104,투하포,"제주특별자치도 서귀포시 이중섭로 11, 2층 206호 (서귀동)"
914135,성산해나,제주특별자치도 서귀포시 성산읍 성산중앙로 30-1
914389,성산간판없는집,"제주특별자치도 서귀포시 성산읍 성산중앙로25번길 13, 1층"
914441,한라막창,제주특별자치도 서귀포시 태평로 406 (서귀동)
914451,비스트로가가,제주특별자치도 서귀포시 색달로 128 (색달동)
914455,서울야시장,"제주특별자치도 서귀포시 성산읍 일주동로 5113-1, 주희망교회"
914515,허니문하우스,"제주특별자치도 서귀포시 칠십리로 228-13, 1층 (토평동)"
929833,바른치킨(서귀포월드컵점),"제주특별자치도 서귀포시 선반로65번길 71, 1층 (강정동)"
929847,모이세해장국중앙점,"제주특별자치도 서귀포시 일주동로 8642, 1층 (동홍동)"
930119,성산촌뚝배기,"제주특별자치도 서귀포시 성산읍 일출로 238-1, 1층"
930179,딱새우701(숨비소리),제주특별자치도 서귀포시 월드컵로 192 (강정동)
930348,통통갈치밥상,"제주특별자치도 서귀포시 성산읍 성산등용로 17, 1층"
930518,우정곱창서귀포점,제주특별자치도 서귀포시 동홍남로 61 (동홍동)
930562,인정,"제주특별자치도 서귀포시 성산읍 고성동서로 67, 1층"
930626,오로지,"제주특별자치도 서귀포시 토평남로99번길 14, 1층 (토평동)"
930632,새터우동이랑충무김밥,제주특별자치도 서귀포시 태평로439번길 24 (서귀동)
930650,서가앤쿡서귀포시토평점,"제주특별자치도 서귀포시 검은여로 191, 1층 (토평동)"
930706,채우네소머리국밥,제주특별자치도 서귀포시 중앙로48번길 29 (서귀동)
930726,밥통,제주특별자치도 서귀포시 남원읍 태위로 907
930873,내가진짜떡볶이다서귀포점,"제주특별자치도 서귀포시 이중섭로 11, 2층 219호 (서귀동)"
930883,탐나식당,제주특별자치도 서귀포시 중앙로 196 (동홍동)
930905,불특정식당,"제주특별자치도 서귀포시 성산읍 삼달로 239, 1층"
932821,에스지중문,"제주특별자치도 서귀포시 천제연로 200, 3층 (중문동)"
932823,바당회,"제주특별자치도 서귀포시 새왓로 6, 1층 101호 (서호동, 수림빌)"
932844,돌돌이숯불갈비법환점,제주특별자치도 서귀포시 이어도로 933 (법환동)
932880,해월일식,제주특별자치도 서귀포시 동홍중앙로 88 (동홍동)
932900,천향각,"제주특별자치도 서귀포시 이중섭로 11, 삼일아트리움 2층 208호 (서귀동)"
932910,달달한밤,"제주특별자치도 서귀포시 성산읍 고성동서로 67, 2층"
932930,60계치킨성산점,"제주특별자치도 서귀포시 성산읍 고성동서로56번길 2, 1층"
933062,북촌삼대갈비동홍올레점,제주특별자치도 서귀포시 동홍북로 68 (동홍동)
933070,한결식당,"제주특별자치도 서귀포시 남원읍 하신로 178-28, 1층"
933074,토대력중문점,제주특별자치도 서귀포시 천제연로 172 (중문동)
933086,봄봄516점,제주특별자치도 서귀포시 516로 202 (토평동)
933109,샤오츠,"제주특별자치도 서귀포시 성산읍 동류암로 20, B동 1층"
933463,소원김밥,제주특별자치도 서귀포시 쇠소깍로 160 (하효동)
933508,삼성혈해물탕서귀포점,"제주특별자치도 서귀포시 서호남로32번길 31-1, 1층 (서호동)"
933586,준이순대국밥,제주특별자치도 서귀포시 남원읍 남위남성로 10-2
933596,김치찜할래??삼겹살할래??,"제주특별자치도 서귀포시 태평로 487, 1층 (동홍동)"
933636,주구장창,제주특별자치도 서귀포시 중앙로89번길 2 (서귀동)
933646,서양국수공방,제주특별자치도 서귀포시 태평로371번길 32 (서귀동)
933671,현가네정식,제주특별자치도 서귀포시 중앙로71번길 7 (서귀동)
933703,영실국수서귀포중문본점,제주특별자치도 서귀포시 일주서로 470 (하원동)
934136,청주본가,"제주특별자치도 서귀포시 홍중로 11, 1층 (서홍동)"
934156,그디가게,"제주특별자치도 서귀포시 성산읍 고성동서로 54, 2층"
934160,알맞은시간,"제주특별자치도 서귀포시 남원읍 신흥앞동산로35번길 2-1, 1,2층"
934440,왕성참숯구이,제주특별자치도 서귀포시 성산읍 고성오조로 98-3
934976,미소단밥,제주특별자치도 서귀포시 성산읍 고성동서로45번길 2
935048,징차이짜장성산점,제주특별자치도 서귀포시 성산읍 고성오조로 19
935140,어부피자,제주특별자치도 서귀포시 성산읍 서성일로 1078-14
935376,아담의갈비,제주특별자치도 서귀포시 김정문화로27번길 9-5 (강정동)
935430,신양로118,제주특별자치도 서귀포시 성산읍 신양로 118
935502,마돈,제주특별자치도 서귀포시 성산읍 섭지코지로 56
936014,큰집어멍,제주특별자치도 서귀포시 중문관광로 336 (대포동)
936236,동그라미가든,제주특별자치도 서귀포시 1100로 217 (회수동)
936272,중문착한고기,제주특별자치도 서귀포시 천제연로188번길 2 (중문동)
936314,꽃피는산골,제주특별자치도 서귀포시 동홍중앙로 35 (동홍동)
936512,제주흑돈세상수라간,제주특별자치도 서귀포시 중산간동로 8051 (서홍동)
936764,부가네얼큰이서홍점,제주특별자치도 서귀포시 중앙로 159-2 (서홍동)
936768,메로식당,제주특별자치도 서귀포시 중정로91번길 16 (서귀동)
936786,태경식당,제주특별자치도 서귀포시 남원읍 남조로 578
936796,체얌,제주특별자치도 서귀포시 일주동로 8705 (서귀동)
936814,바당아나고장어구이,제주특별자치도 서귀포시 솔동산로22번길 16 (서귀동)
936830,순정이네,제주특별자치도 서귀포시 성산읍 고성오조로 87-18
936858,죠스떡볶이제주중문점,제주특별자치도 서귀포시 천제연로 239 (중문동)
936924,송가네흑돼지,제주특별자치도 서귀포시 중앙로150번길 70 (동홍동)
936932,소소한밥상,제주특별자치도 서귀포시 일주동로 8600 (동홍동)
936934,커리하우스,제주특별자치도 서귀포시 동문동로53번길 13 (서귀동)
936974,오델로남원점,"제주특별자치도 서귀포시 남원읍 남한로 3, 1층"
936986,중문불광회센타,제주특별자치도 서귀포시 중문로 11 (중문동)
937090,명륜진사갈비서귀포점,제주특별자치도 서귀포시 명동로 4 (서귀동)
937148,새서울두루치기,제주특별자치도 서귀포시 태평로 406 (서귀동)
937300,한그릇,제주특별자치도 서귀포시 중문관광로 7 (색달동)
937354,옛날국수집,"제주특별자치도 서귀포시 성산읍 온평애향로 2, 1층"
937418,탐라밸리,제주특별자치도 서귀포시 서호중앙로 85-13 (서호동)
937452,아리랑밀면,"제주특별자치도 서귀포시 서홍로 29, 1층 (서홍동)"
937466,국수냐국밥이냐,제주특별자치도 서귀포시 김정문화로 39 (법환동)
937546,몬스테라자구리점,"제주특별자치도 서귀포시 소암로12번길 7, 1층 (서귀동)"
937666,미향해장국효돈점,제주특별자치도 서귀포시 효돈로 11 (신효동)
937730,제주바다애,제주특별자치도 서귀포시 신서로 44 (강정동)
937748,의정부,제주특별자치도 서귀포시 서문로 15 (서귀동)
937838,나능이능이버섯백숙(중문점),제주특별자치도 서귀포시 소보리당로164번길 83 (상예동)
937840,모녀의부엌,"제주특별자치도 서귀포시 516로 472, 상효상회 (상효동)"
937998,포트그릴스테이크하우스,"제주특별자치도 서귀포시 솔동산로10번길 48, 1층 (서귀동)"
938508,텐저린,제주특별자치도 서귀포시 이어도로 880 (법환동)
952092,벨라위미,"제주특별자치도 서귀포시 남원읍 태위로151번길 14-14, 1층"
952238,유명한정식,제주특별자치도 서귀포시 중앙로150번길 49 (동홍동)
952250,자연스러운식당,"제주특별자치도 서귀포시 태평로92번길 8, 1층 (호근동)"
953470,헬스케어차이나타운,제주특별자치도 서귀포시 동홍로 332 (토평동)
953550,토계촌,제주특별자치도 서귀포시 일주동로 8884 (호근동)
953670,모루쿠다,"제주특별자치도 서귀포시 동홍중앙로90번길 48, 1층 (동홍동)"
953726,가르텐동홍점,제주특별자치도 서귀포시 동홍중앙로 51 (동홍동)
953728,탐나돈정육점식당,제주특별자치도 서귀포시 중문관광로 321 (중문동)
955212,흑돼지구이집하영,제주특별자치도 서귀포시 천제연로 101 (색달동)
956604,어리석은물고기,제주특별자치도 서귀포시 남원읍 태위로 148
956618,차칸삼춘,제주특별자치도 서귀포시 성산읍 성산중앙로 38-2
956710,뚱돼지,제주특별자치도 서귀포시 천제연로188번길 15 (중문동)
956732,복자씨연탄구이,제주특별자치도 서귀포시 성산읍 해맞이해안로 2764
960612,달맞지,제주특별자치도 서귀포시 명동로 53 (서귀동)
960618,고깃집,제주특별자치도 서귀포시 신서귀로51번길 15 (법환동)
960690,더디퍼,"제주특별자치도 서귀포시 서호남로32번길 28, 1층 (서호동)"
960762,30년할매닭발중문점,"제주특별자치도 서귀포시 천제연로 169, 1층 (중문동)"
960812,녹두밭,"제주특별자치도 서귀포시 중앙로 50, 1층 (서귀동)"
960856,홍익샤모니리조트,"제주특별자치도 서귀포시 중산간서로 68, 샤모니리조트 1층 (강정동)"
960970,뉴남원분식,"제주특별자치도 서귀포시 남원읍 태위로679번길 2, 1층"
961022,중문색달통갈치,"제주특별자치도 서귀포시 일주서로 993, 1층 101호 (색달동)"
962948,어반정글,제주특별자치도 서귀포시 성산읍 신고로22번길 39
963594,섬돼지,"제주특별자치도 서귀포시 신동로 25, 1층 (서호동)"
963750,봄그리고가을리조트소반,"제주특별자치도 서귀포시 성산읍 해맞이해안로 2660, 봄그리고가을리조트 1층"
964078,제주제일밀면,"제주특별자치도 서귀포시 중앙로150번길 23, 1층 (동홍동)"
964110,일품순두부신시가지점,"제주특별자치도 서귀포시 서호남로32번길 31, 1층 (서호동)"
964396,하이데어키친,"제주특별자치도 서귀포시 서호호근로96번길 14, 1층 (서호동)"
964960,위미장가네닭곰탕,"제주특별자치도 서귀포시 남원읍 태위로 93, 1층"
965004,팔천순대&카페,"제주특별자치도 서귀포시 성산읍 성산등용로 78, 1층"
965116,썬샤인코스트,제주특별자치도 서귀포시 남성로 116 (서홍동)
965138,하루세끼,"제주특별자치도 서귀포시 색달중앙로 38, 지1층 (색달동)"
965152,자연샤브,"제주특별자치도 서귀포시 동홍로 188, 1층 (동홍동)"
965494,송정식당,제주특별자치도 서귀포시 중앙로41번길 16 (서귀동)
965576,시실리,"제주특별자치도 서귀포시 대청로25번길 6-3, 102호 (강정동)"
965584,그대가사는시간,제주특별자치도 서귀포시 칠십리로 288 (토평동)
965622,고향숯불막창,"제주특별자치도 서귀포시 동홍중앙로52번길 5, 1층 (동홍동)"
965630,올레메밀치킨,제주특별자치도 서귀포시 중앙로48번길 17-1 (서귀동)
965966,동선제면가,"제주특별자치도 서귀포시 남원읍 태위로 3, 1층"
966484,어디가맨성산점,"제주특별자치도 서귀포시 성산읍 고성오조로 4, 1층"
966564,소낭집,"제주특별자치도 서귀포시 막숙포로37번길 12, 1층 (법환동)"
967324,현아네흑돼지돈가스,"제주특별자치도 서귀포시 남원읍 위미중앙로 187, 1층"
967370,쉬어갓,"제주특별자치도 서귀포시 성산읍 일주동로 5023, 1층"
968106,원보뷔페본점,제주특별자치도 서귀포시 516로 204 (토평동)
968204,11시11분,제주특별자치도 서귀포시 홍중동로 9 (서홍동)
968320,통발,"제주특별자치도 서귀포시 성산읍 일출로 258-15, 2층"
968468,포커스,"제주특별자치도 서귀포시 예래로 223-7, 1층 (하예동)"
969328,와우카식,제주특별자치도 서귀포시 태평로 562 (동홍동)
969344,누구나홀딱반한닭제주성산점,제주특별자치도 서귀포시 성산읍 일주동로 4236
969492,뻘떡낙지서귀포점,제주특별자치도 서귀포시 이어도로 1059 (서호동)
969632,부에난소라하효마을,"제주특별자치도 서귀포시 쇠소깍로 151-7, 2층 (하효동)"
969650,천돈가중문본점,"제주특별자치도 서귀포시 일주서로 873, 1층 (색달동)"
972132,범섬화덕,제주특별자치도 서귀포시 월드컵로 161-1 (강정동)
972242,잔디공장,제주특별자치도 서귀포시 성산읍 일주동로5154번길 5
972506,오병이어,"제주특별자치도 서귀포시 월드컵로 161-1, 2층 (강정동)"
972652,칸스,"제주특별자치도 서귀포시 중정로61번길 20, 5호 (서귀동)"
975020,보래식탁,제주특별자치도 서귀포시 이어도로 766 (강정동)
975100,아뎅,"제주특별자치도 서귀포시 중앙로71번길 12, 1층 (서귀동)"
975136,비에이치씨제주동홍점,"제주특별자치도 서귀포시 동홍동로 27, 5,6호 (동홍동)"
975172,일차돌제주성산점,제주특별자치도 서귀포시 성산읍 고성오조로 87-8
975256,동동차이나남원점,"제주특별자치도 서귀포시 남원읍 태위로689번길 7, 1층 104호"
975262,꼬란,"제주특별자치도 서귀포시 동문동로 2, 1층 (서귀동)"
975396,비비큐올리브치킨제주동홍점,"제주특별자치도 서귀포시 동홍동로26번길 6, 1층 (동홍동)"
975410,오또도넛,제주특별자치도 서귀포시 중문상로 87 (중문동)
976096,흑돼지스토리,"제주특별자치도 서귀포시 남원읍 태위로 94-37, 1층"
